time,sst_anomaly,thermocline_proxy,zonal_advection,surface_heat_flux,sst_tendency,ocean_dynamics_residual,z_thermocline_proxy,z_zonal_advection,z_surface_heat_flux,z_ocean_dynamics_residual
1985-01-01,-0.751915454864502,0.4101466576854075,-0.037970201770049276,1.2955009038587313,,,-0.9989514768310551,-0.7474316319570337,1.6783428844143453,
1985-02-01,-0.6119399666786194,0.400788192833511,-0.04171234063180727,1.6066646091204229,0.13997548818588257,-1.4249767803027331,-0.9073571632968628,-0.9778829229761163,1.6222313702444093,-0.8852871284030756
1985-03-01,-0.6404940485954285,0.3941025125275412,-0.018291599207003222,2.235837602233588,-0.028554081916809082,-2.246100084943394,-0.9357753929000605,-0.487673975814459,1.6772746299440695,-1.5087995453115957
1985-04-01,-0.7456583976745605,0.41455352961226105,-0.013769156979968706,2.2307662639771966,-0.10516434907913208,-2.32216145607636,-0.24812023278268353,-0.28858827146127697,1.6499952051309297,-1.7429342946234463
1985-05-01,-0.727508008480072,0.41363812478915807,-0.014284243506406858,1.5753583807603366,0.018150389194488525,-1.5429237480594413,-0.30770858747677104,-0.23331084971192392,1.513316110984202,-1.2541359789190998
1985-06-01,-0.6869137287139893,0.43343566466339534,-0.01446942826393241,0.6202647348987144,0.040594279766082764,-0.5652010268686992,0.2516812278149222,-0.14010236460202924,0.5611187288243495,-0.35523634329274
1985-07-01,-0.6846594214439392,0.4407054934996294,-0.01773531048882716,0.43632570398591436,0.002254307270050049,-0.41633608622703716,0.34523308614259474,-0.1253594918725277,0.4635768221271131,-0.3873667588725113
1985-08-01,-0.578312873840332,0.4439039031210937,-0.022565108565133964,0.4718653106013659,0.10634654760360718,-0.34295365443262477,0.30873754518177554,-0.13724847847064736,-0.24849246816570286,0.5606734845277637
1985-09-01,-0.543780505657196,0.4523916772340816,-0.04045515817942374,0.6381172820444468,0.034532368183135986,-0.5631297556818872,0.22327354420956794,-0.43396075495198705,-0.6712276125658633,0.7541945089482173
1985-10-01,-0.46308210492134094,0.45206203390965066,-0.0359415349784535,1.260746620068672,0.0806984007358551,-1.1441066843543635,-0.2045312608292445,-0.1707148922914781,0.8124164822587466,-0.4517717273961627
1985-11-01,-0.367527037858963,0.449307856094763,-0.01918097873337985,0.6705542208587617,0.09555506706237793,-0.5558181750630039,-0.4014060249657037,0.20426955022028837,-0.5070132638343813,0.7131094510417691
1985-12-01,-0.3310708701610565,0.4467882813485897,-0.016218012129742776,0.7003796187809469,0.036456167697906494,-0.6477054389532977,-0.2875557110037053,0.17342060004011683,0.1043193242146461,-0.003563742082504782
1986-01-01,-0.3072754144668579,0.4359106823827328,-0.03355501548880539,0.6703338700544446,0.02379545569419861,-0.6129833988714406,-0.1692615986759446,-0.6420612270631677,-0.46965649047144475,0.3725675440506444
1986-02-01,-0.24590861797332764,0.4299892685673093,-0.02803716887836588,1.2523108980541044,0.06136679649353027,-1.1629069326822083,0.033017535617645415,-0.651518803125817,0.40471427688916994,-0.08854389634711099
1986-03-01,-0.17717789113521576,0.4244509521915258,-0.02677997414208493,1.7715566010009627,0.06873072683811188,-1.676045900020766,0.04154835611897931,-0.6902528585221026,0.08206047677547428,0.22427588425839562
1986-04-01,-0.23940850794315338,0.42300281843518367,-0.0042944369391288775,1.9617007034778946,-0.06223061680793762,-2.0196368833467035,0.023975819613810956,-0.06246981951726226,0.7255180262259271,-0.8232008417235446
1986-05-01,-0.2574467062950134,0.4337154326832655,0.007759444494300743,1.2301435594128254,-0.018038198351860046,-1.2559412022589862,0.33884952353427716,0.2927716713938962,0.3271991528595311,-0.3816533062241889
1986-06-01,-0.23022271692752838,0.43234276960484147,0.0032834035847022704,0.37167208359525744,0.027223989367485046,-0.34773149781247464,0.2164862620197677,0.2835769460195707,-0.293015975546822,0.3059132587203644
1986-07-01,-0.012953680008649826,0.4443795164771069,-0.002133279909986406,0.22444946271671934,0.21726903691887856,-0.005047145887854378,0.4635492154094182,0.24698997982309634,-0.26440467592138667,0.8630314941505088
1986-08-01,0.13149859011173248,0.45904242511932364,0.0035450375383401607,0.7241452921188664,0.1444522701203823,-0.5832380595368242,0.7962498271220976,0.48588189282276084,0.6183114630944261,-0.16983777143547665
1986-09-01,0.12445207685232162,0.47817175335206613,0.0029000765774842676,0.5307006270230894,-0.007046513259410858,-0.5406472168599845,1.0534803331116382,0.6007314074174265,-1.0402984294228352,0.8225457931895239
1986-10-01,0.29303959012031555,0.4968155360465339,-0.0015523536090624643,0.6926338076222245,0.16858751326799393,-0.5224939407451681,1.2366848601450509,0.6499983764226228,-1.1395513919487785,1.4380517335137972
1986-11-01,0.382230669260025,0.4831353298860309,0.006849305435968657,0.6116372117812189,0.08919107913970947,-0.529295438077478,0.6879545441959147,0.8254939805638952,-0.7094450809738644,0.7937437223274031
1986-12-01,0.3976421058177948,0.4814241233923341,-0.0292849154480383,0.43671682925916544,0.015411436557769775,-0.39202047725335737,0.8278370858389889,-0.13842692023481412,-0.8015945779101572,0.773768196797752
1987-01-01,0.5574961304664612,0.46540264421549704,-0.012521266661030763,0.4272051221764139,0.15985402464866638,-0.25482983086671673,0.7804806293743808,-0.14008135821059348,-1.3050178742616625,1.461423946018922
1987-02-01,0.6112627387046814,0.44346572771544723,0.043670961843859775,0.7403805074485102,0.053766608238220215,-0.7302848610541498,0.46700569856726715,1.0598279639361756,-1.3542174958154365,1.2267112187960592
1987-03-01,0.6272854804992676,0.44255806147451243,0.030399811441523327,1.4070312242017693,0.01602274179458618,-1.4214082938487065,0.624659320777467,0.6743684224155179,-1.1704052470326667,0.998423658932155
1987-04-01,0.44175246357917786,0.4229164790672329,-0.011435300187385257,1.1993019866952028,-0.18553301692008972,-1.3733997034279073,0.02119539611567241,-0.23288973021432993,-1.8939930460351602,1.1414856877576474
1987-05-01,0.5265587568283081,0.434892754896108,-0.025912252620512815,0.4371606261758523,0.08480629324913025,-0.3264420803062092,0.37676333299526593,-0.510818513129858,-2.397395639868068,2.444204537941767
1987-06-01,0.523745059967041,0.4202275732106503,-0.001980356315844526,0.365253885147146,-0.00281369686126709,-0.3660872256925686,-0.17366457575540506,0.15795495033144039,-0.3150681400228398,0.25010828118970846
1987-07-01,0.5864425301551819,0.4174167903142161,0.00016077689237277442,0.08013978182243689,0.06269747018814087,-0.017603088526668795,-0.40474295740242117,0.3017386764162587,-0.7602355300606458,0.8248589901009632
1987-08-01,0.6900820732116699,0.4243976489696327,0.0022197467760740417,0.3790455636251809,0.10363954305648804,-0.2776257673447669,-0.31943067854564605,0.45425323316341376,-0.5674100497097082,0.7592829482808557
1987-09-01,0.8383512496948242,0.42680542333662347,0.05450308373151623,0.9400619573548876,0.1482691764831543,-0.8462958646032496,-0.600691505041126,1.8322603647934963,0.36621828388548666,-0.10668545446291201
1987-10-01,0.7429082989692688,0.4426019865468703,0.05624497165533866,1.1634857830926817,-0.09544295072555542,-1.3151737054735757,-0.5091772016702215,2.0293575193797007,0.47823984509028883,-0.971848693679073
1987-11-01,0.7229535579681396,0.439323951061004,0.03961272144449393,0.8218040385067212,-0.01995474100112915,-0.8813715009523443,-0.7229219778607349,1.607407628282484,0.012663072555925518,-0.2766358837638802
1987-12-01,0.6785712838172913,0.4190741580418223,0.034907425286249995,0.664368584046736,-0.04438227415084839,-0.7436582834838344,-1.1800454465827397,1.3935521409864384,-0.01941029669542083,-0.2952790239829318
1988-01-01,0.5665532350540161,0.4118114247017106,0.02502709879235164,1.163560035484327,-0.11201804876327515,-1.3006051830399536,-0.9453402744222719,0.7560272584820402,1.2250097950710066,-1.717936219449094
1988-02-01,0.21601071953773499,0.3861144490303917,-0.01730258056949003,1.2334177417412284,-0.35054251551628113,-1.5666576766880196,-1.379901994747567,-0.3953330287497147,0.3397996448703903,-1.3160245685608367
1988-03-01,0.035827819257974625,0.3675574846778016,-0.03294951463171241,1.7129713779150946,-0.18018290027976036,-1.8602047635631425,-1.7906162487451067,-0.8374917150484459,-0.11923136326320688,-0.3356028254929319
1988-04-01,-0.27797409892082214,0.3528837722890327,-0.051612268043292,2.272711385572697,-0.31380191817879677,-2.534901035708202,-2.2340977359278513,-1.1917311246009878,1.794113640836625,-2.389703931806331
1988-05-01,-0.7417605519294739,0.3632778433516218,-0.07568252510635638,1.7014722227096297,-0.46378645300865173,-2.0895761506119253,-1.9294822140990242,-1.6986084339741259,1.946628232423305,-2.9160654453393855
1988-06-01,-1.1061677932739258,0.3727194942959251,-0.07321297426296053,1.0358895082565989,-0.3644072413444519,-1.3270837753380902,-1.7035875077976879,-1.5420434906455665,1.9891558854337141,-2.6715078601219164
1988-07-01,-1.0077416896820068,0.38776517450113696,-0.066029347523008,0.5833181999290081,0.09842610359191895,-0.4188627488140812,-1.3596265906885587,-1.2779183902067879,0.9686255088393945,-0.3950483038277757
1988-08-01,-0.7190628051757812,0.38963902203781,-0.09917677968956914,0.8499569619125683,0.2886788845062256,-0.46210129771677355,-1.4387775695186573,-1.9656204410015572,1.050585357041961,0.19844150986915313
1988-09-01,-0.6508721709251404,0.40066033865939116,-0.07360454001307704,0.6815159806695895,0.06819063425064087,-0.5397208064058716,-1.4426528202878046,-1.2250856505496746,-0.5221148595302536,0.8253622608836217
1988-10-01,-1.05840265750885,0.3907184535219747,-0.09343673730663436,1.0369006273395829,-0.4075304865837097,-1.3509943766166583,-2.1800047489730776,-1.5428637355942718,0.0433083456270614,-1.0807504905095082
1988-11-01,-1.159590244293213,0.39182912431683853,-0.060959929876409864,1.0275550557786775,-0.10118758678436279,-1.0677827126866304,-2.252418144601162,-0.7928038952837756,0.7195990314034199,-0.8433621694360207
1988-12-01,-1.2368484735488892,0.39370492051901645,-0.028382950593433282,0.9651605973694466,-0.07725822925567627,-1.0140358760316897,-1.9970218249422123,-0.11690112361474674,1.0140751906248964,-1.117279414024054
1989-01-01,-1.0112279653549194,0.4046236515286613,-0.01862335542192122,0.9469546053574434,0.22562050819396973,-0.7027107417415525,-1.1768112001884998,-0.2857104489161821,0.4807793680791229,0.09977899622181087
1989-02-01,-0.8314318656921387,0.40536693183971684,-0.0038624427252104626,1.3518155476468963,0.17979609966278076,-1.168157005258905,-0.7599060778087582,-0.07457809877151086,0.7466003866267765,-0.10450513657091023
1989-03-01,-0.6978991031646729,0.42412790211265183,-0.012216386308721763,2.2510382931233806,0.13353276252746582,-2.105289144287193,0.03114503661716422,-0.34268628964869974,1.7295023911080216,-1.0807069395200557
1989-04-01,-0.54801344871521,0.4255206026733143,-0.003364398124456801,1.7339422274244798,0.1498856544494629,-1.58069217485056,0.10505709951074972,-0.04027402522307478,-0.05703293653138115,0.5112763173866544
1989-05-01,-0.519762396812439,0.43558723502013624,0.0009614208874903868,1.0618561441201115,0.028251051902770996,-1.034566513104831,0.39912797269171624,0.13053378282040193,-0.25101633724748423,0.2913687408884623
1989-06-01,-0.3726797103881836,0.43562858642274543,0.0018807103272175081,0.46188755975621326,0.14708268642425537,-0.3166855836591754,0.32230082272269134,0.2501010410252688,0.016953642044085948,0.400298867019907
1989-07-01,-0.3580249845981598,0.44207868221752444,-0.006011146314714071,0.41790813402326316,0.014654725790023804,-0.3972422619185253,0.3894544682216374,0.15444295526689658,0.40029624809243847,-0.32931782485740624
1989-08-01,-0.3092050850391388,0.4437744518094312,-0.0076339112723266475,0.39074148951455795,0.048819899559020996,-0.3342876786832103,0.30456876936891086,0.21909125536501223,-0.5272242431322018,0.5870197337822938
1989-09-01,-0.19930775463581085,0.44833509388338816,-0.01481971579216795,0.8404362964714593,0.10989733040332794,-0.7157192502759635,0.09263766004538743,0.17784059881048764,0.023916393784255467,0.29029281173080324
1989-10-01,-0.19844713807106018,0.456073750475208,-0.01458826567713893,0.8940595431768861,0.0008606165647506714,-0.8786106609349965,-0.07534024088678812,0.3388904762623904,-0.4474765852775557,0.3553877444689468
1989-11-01,-0.3911411464214325,0.4520237459414382,-0.0025952886560126716,0.7422899292160531,-0.19269400835037231,-0.9323886489104127,-0.3139450656457656,0.6000944979287219,-0.26053792464256825,-0.43173792134451094
1989-12-01,-0.21271133422851562,0.4619354964325425,0.0017232766871610643,1.0049058974247824,0.17842981219291687,-0.8281993619190267,0.20023651808458343,0.6015975209066002,1.1506353018546835,-0.5523003207308319
1990-01-01,-0.02529972419142723,0.4585912415042082,-0.003221964535556036,0.6480208835860383,0.1874116100370884,-0.45738730901339386,0.5611301221463191,0.08185066634616021,-0.5463212510784093,0.8456098747665316
1990-02-01,0.19123178720474243,0.4623883986271187,-0.0014313088690032195,1.162408946367468,0.21653151139616966,-0.9444461261022952,1.076380542269535,-0.01655799668250626,0.0958218920031783,0.5756193818491143
1990-03-01,0.00824614055454731,0.44878365753516697,-0.01177454937364823,1.3025105418958436,-0.18298564665019512,-1.4737216391723904,0.8251448465324409,-0.33214165262091694,-1.5295258469938753,0.8393809296319705
1990-04-01,0.06026237830519676,0.4360518737089222,-0.004108698229947545,1.5317779825617892,0.05201623775064945,-1.4756530465811921,0.4442001132674099,-0.058037081747161386,-0.7516451731152795,0.8306156664553751
1990-05-01,0.15760396420955658,0.4224076616199923,0.009849933019668168,1.0291352790014514,0.09734158590435982,-0.9416436261167598,-0.025299451865012892,0.342662119568121,-0.36344132772228155,0.5738723634267181
1990-06-01,0.06789959967136383,0.4279532986214369,-0.0001231927023706362,0.13480209204863186,-0.08970436453819275,-0.22438326388445398,0.07513025541089233,0.20227699462144197,-1.1068730189600176,0.6809158447122888
1990-07-01,0.060212064534425735,0.4379401180487877,-0.0003393226725341227,0.26616893699935046,-0.007687535136938095,-0.27351714946375444,0.25617852080132697,0.2898035755428613,-0.12106153747351134,0.04683054504755435
1990-08-01,0.09629712998867035,0.4390717543378369,1.1882708584577385e-05,0.3433353508239075,0.036085065454244614,-0.30726216807824747,0.15312579653972852,0.40156156492502626,-0.6901060823322266,0.6691825345121953
1990-09-01,0.061838746070861816,0.45196410739854326,0.0019011624194023148,0.50283198236385,-0.03445838391780853,-0.5391915287010608,0.2095043303961912,0.5768918720985098,-1.1360517690426284,0.8269713678946532
1990-10-01,0.05896124243736267,0.468539672088112,-0.011245286607407671,0.7881538716405676,-0.0028775036334991455,-0.7797860886666591,0.3261051507245318,0.4186721741775376,-0.8113558430697826,0.6558336363963354
1990-11-01,0.05269254744052887,0.4667164291316001,-0.006683774589343692,0.5555385850953427,-0.006268694996833801,-0.5551235055028328,0.15920967896533678,0.50252094366487,-0.9021932723171345,0.7152213814130304
1990-12-01,0.07485419511795044,0.4675469438837283,0.0015773978179048271,0.6373552718889077,0.02216164767742157,-0.6167710220293909,0.3809443541755608,0.5981160561302923,-0.11222481584163507,0.09048289298635885
1991-01-01,0.24244917929172516,0.46233290936281485,4.117837051101341e-05,0.6561665066331006,0.16759498417377472,-0.4886127008298369,0.681624648377173,0.15972703833514956,-0.5183338616815739,0.7506786195155623
1991-02-01,0.19055336713790894,0.45397900932639,-0.008786847172224973,0.9664923550153833,-0.05189581215381622,-1.0096013199969747,0.8055693912072232,-0.19210122404650778,-0.5773241521719156,0.37753493894117574
1991-03-01,0.08370604366064072,0.43759405420574526,-0.0051686654308958704,1.1751583658932543,-0.10684732347726822,-1.2768370239396267,0.4648012770762402,-0.17448926348239976,-1.9670927365646145,1.4379483959274013
1991-04-01,0.12770840525627136,0.44385928880622855,-0.002259869631816809,2.033352722195307,0.044002361595630646,-1.9870904909678595,0.6956256322571887,-0.013913956344282538,0.971705817795386,-0.7242534882178873
1991-05-01,0.27837756276130676,0.45189521156723234,-0.0018623874304175402,0.8045341718794218,0.1506691575050354,-0.6520026269439688,0.9243006983536829,0.06314232822546748,-1.135143947358186,1.4544372506586174
1991-06-01,0.45141956210136414,0.45666288650528886,0.006841820503604308,0.6103845824756354,0.17304199934005737,-0.4441844036391824,0.9996773614268814,0.368500165028182,0.5271717033399671,0.012677693365145317
1991-07-01,0.5490912199020386,0.4567315855659044,0.007167857024676927,-0.32062159139139645,0.09767165780067444,0.41112539216739397,0.861328165617917,0.4689657929257439,-2.137203816285373,2.128276832649739
1991-08-01,0.3746904730796814,0.4586150449759938,0.008566100796011089,-0.03108936469392081,-0.17440074682235718,-0.15187748292444744,0.782486722047833,0.6057118240548909,-1.97658475344825,1.14158215387131
1991-09-01,0.20434986054897308,0.46575514342309493,0.011504891946445508,0.7502877502674595,-0.1703406125307083,-0.9321332547446134,0.6536229466941681,0.8060891934107652,-0.2858232604561735,-0.36764779054786195
1991-10-01,0.42130956053733826,0.48737416666826777,-0.0035980397856064206,0.8938609401079408,0.21695969998836517,-0.6733032003339692,0.9326404144073385,0.6011771564383341,-0.44815896173836944,0.9795622964430598
1991-11-01,0.5681585073471069,0.48751730648960245,-0.038622568760150126,0.45625382334308257,0.14684894680976868,-0.27078230777316376,0.8290692060939547,-0.2597127332914707,-1.243323873657037,1.5796738430096002
1991-12-01,0.7232511043548584,0.48425075493414715,-0.0678452205662334,0.369933514338374,0.15509259700775146,-0.14699569676438914,0.9188643072094039,-1.0586859318184731,-1.0310540838436852,1.5186911145355588
1992-01-01,0.7235416769981384,0.4664458633241514,-0.07342258199134954,0.13160000488735596,0.0002905726432800293,-0.057886850252726385,0.8140758593633648,-1.5935186190993424,-2.320681805365099,2.060168854408134
1992-02-01,0.8127918839454651,0.46323483477481614,-0.003527551826568575,0.5673166117617765,0.08925020694732666,-0.4745388529878813,1.1036386866200196,-0.06658577696731628,-1.9488444029449958,2.0042287504854666
1992-03-01,0.6278864145278931,0.43695465325711447,0.06449920508888474,0.8312813683576658,-0.18490546941757202,-1.0806860428641225,0.4442103755616635,1.488165776905739,-3.148613091611496,2.0342854719093
1992-04-01,0.7190892100334167,0.43321451400206373,0.07419635869592264,1.0123207193717152,0.09120279550552368,-0.9953142825621142,0.3528274082214472,1.8107482939837145,-2.536438382415356,2.290938793290187
1992-05-01,0.6818109750747681,0.4091186337873873,0.07899548672145804,0.9054708552348922,-0.03727823495864868,-1.0217445769149989,-0.4532516842030993,1.992851834353043,-0.788337540386845,0.33034991699039423
1992-06-01,0.35883310437202454,0.3921913108233561,0.044356924764069286,0.45882905946572666,-0.32297787070274353,-0.8261638549325395,-1.0765282935678513,1.263814988403453,0.00644499978239257,-1.1486140209075881
1992-07-01,0.041756510734558105,0.40089782716066713,0.00493180313974941,0.5959801273917033,-0.31707659363746643,-0.9179885241689191,-0.9367101747580091,0.4156013620250085,1.0121303816238938,-1.912487593655896
1992-08-01,-0.014137594029307365,0.39486894343219464,-0.004088904678078234,0.8047765899204448,-0.05589410476386547,-0.856581790006232,-1.2703561797922962,0.30369443094883913,0.8953509867879302,-1.0008557967971017
1992-09-01,-0.020227085798978806,0.4101940911242912,-0.012231320414421572,1.2001488267461011,-0.00608949176967144,-1.194006998101351,-1.1356333226009736,0.23961381778817212,1.2598457508821286,-1.163794827557474
1992-10-01,-0.15444102883338928,0.4316169357152781,-0.015921932800458314,0.8546124163081376,-0.13421394303441048,-0.9729044265420898,-0.8629334797775624,0.30706191098196695,-0.5830122089963815,0.06871638469730412
1992-11-01,-0.2536960542201996,0.4377575458254848,-0.001887849288685346,1.064720697042769,-0.0992550253868103,-1.162087873140894,-0.7733655938822014,0.6169778563704272,0.8472957426594552,-1.130068171755998
1992-12-01,-0.15343694388866425,0.44157648193684,-0.0006516685665006974,0.46046194081498104,0.10025911033153534,-0.35955116191694503,-0.4553935107925095,0.5449183850698667,-0.7200092062885746,0.8724812211256656
1993-01-01,0.01743989624083042,0.43264255519869244,0.0031247868195180706,1.0056923407209766,0.17087684012949467,-0.837940287411,-0.27450649255323306,0.2333187398192554,0.6825952221162607,-0.3113450848748696
1993-02-01,0.12388891726732254,0.4219108460341224,0.024724301999473806,1.3272413412919177,0.10644902102649212,-1.2455166222648995,-0.2271353514404538,0.6076574116606661,0.6621663441476059,-0.33969339589792646
1993-03-01,0.1656101942062378,0.42298437225482927,0.01979762348470788,2.2260889522041345,0.04172127693891525,-2.204165298749927,-0.0056805432194376995,0.42134244194527193,1.6437794310020828,-1.381309651335934
1993-04-01,0.36395302414894104,0.41992289930390403,-0.008653493790352901,1.8553726382700977,0.19834282994270325,-1.6483763145370416,-0.07520813005164195,-0.1665006703377747,0.36018747415036234,0.30550338813757705
1993-05-01,0.4116394519805908,0.41562618481207003,-0.007277336017286636,1.0129999472846536,0.04768642783164978,-0.9580361834357172,-0.24368624246069467,-0.06608785340961322,-0.4188804033087699,0.524035805659567
1993-06-01,0.23741109669208527,0.4031380766079478,0.022438998456231728,0.3229752113427889,-0.17422835528850555,-0.5196425650875262,-0.7240049251613109,0.7407338266183368,-0.46033262134094705,-0.2167297717943287
1993-07-01,0.13267694413661957,0.40090277809892816,0.020391542353054813,0.16775629036334505,-0.1047341525554657,-0.29288198527186554,-0.9365507375811394,0.7845549863329347,-0.4591956552766153,-0.012042316558136014
1993-08-01,0.017999986186623573,0.40508067720229424,0.024432727564007307,0.6820631087275928,-0.114676957949996,-0.8211727942415961,-0.941503360910084,0.9843760027206659,0.47372209940353316,-0.8932055730665845
1993-09-01,0.0974191203713417,0.42305144813758316,0.016458149433901892,1.0341502164710854,0.07941913418471813,-0.9711892317202692,-0.7215823698062264,0.9243009094631648,0.6894943218682484,-0.48638554542207146
1993-10-01,-0.07990891486406326,0.43691696027486965,0.030685399722055723,1.040688802828812,-0.17732803523540497,-1.2487022377862727,-0.6922545279163215,1.4193668480993133,0.05632406485541889,-0.7697625228145326
1993-11-01,0.016841670498251915,0.4386348487227172,0.00764823380184276,0.9282431637970748,0.09675058536231518,-0.8391408122366024,-0.7451134344288138,0.8445607650732981,0.37837521383086764,-0.148246388654736
1993-12-01,0.04205376282334328,0.4302065102901018,0.0063372631315026925,0.6988093342827094,0.025212092325091362,-0.6799345050891208,-0.8215455581156368,0.7117123810384169,0.09892401394039563,-0.1015463621830175
1994-01-01,0.1095300167798996,0.41934669490200466,0.02004316360226106,0.840100571725173,0.06747625395655632,-0.7926674813708778,-0.7026787536468767,0.6370834052689707,0.11364165122056648,-0.17370696230504232
1994-02-01,0.006614702753722668,0.3891474455785851,-0.005896840752344062,1.5436521141938644,-0.10291531402617693,-1.6406705874676972,-1.2822291130422219,-0.12312992199695277,1.4057279521281332,-1.5410381910125779
1994-03-01,-0.07764875143766403,0.3911048441216619,-0.030151897089241184,2.1536284935893675,-0.0842634541913867,-2.207740050691513,-1.032310587367624,-0.7707253150800792,1.3948139363544825,-1.392177591473258
1994-04-01,-0.06952652335166931,0.40360795187808346,-0.01506159424590721,2.3287604513609352,0.00812222808599472,-2.305576629029033,-0.6006053418949212,-0.31943286766560613,1.9866915468459145,-1.6925131995422982
1994-05-01,0.052103590220212936,0.3983493997860839,0.0003769114379163918,1.4450616788480033,0.12163011357188225,-1.3238084767140375,-0.8000579208580758,0.11658420211357139,1.0656321815321737,-0.5879830007354161
1994-06-01,0.0990685299038887,0.40389788478363225,-0.0027577836195047433,0.7519547057886952,0.046964939683675766,-0.7022319824855147,-0.699536498348697,0.13940129833487164,1.0135897643315757,-0.7718370604723395
1994-07-01,0.04675731062889099,0.4112073550719549,-0.007218404220646968,0.29962676247482256,-0.05231121927499771,-0.3447195775291733,-0.6047080494285356,0.12563120277077502,-0.006104439097702597,-0.16963866414288584
1994-08-01,0.06841161847114563,0.423252925897098,-0.0003930337092200742,0.6285913980011159,0.02165430784225464,-0.6065440564496412,-0.35629468398464376,0.3918980526348428,0.2899996780282193,-0.240692528192888
1994-09-01,0.03911348059773445,0.4347145601133443,0.0002952900147667245,0.7973239566848179,-0.02929813787341118,-0.8269173845729958,-0.34599019941511244,0.5385670054438085,-0.12421246443151591,-0.04777111177213099
1994-10-01,0.4140787720680237,0.46638317626055176,-0.0006290882705941983,1.082187672496009,0.37496529147028923,-0.7065932927551255,0.2566585956373449,0.6720325186630415,0.1989092321525028,0.8783539503784644
1994-11-01,0.5826700925827026,0.47664665131991735,-0.012773901302173587,0.6782654295177766,0.16859132051467896,-0.496900207700924,0.4789968602877269,0.35717733261228174,-0.48051847046950397,0.8922315139896736
1994-12-01,0.6164087653160095,0.469800791037001,-0.00841928033606845,0.3681603917794412,0.033738672733306885,-0.3260024387100659,0.4535259555343425,0.35954083923569086,-1.0371463215053658,0.9744758550062647
1995-01-01,0.5988636612892151,0.4475366032025558,0.02407314140523635,0.6739244831260999,-0.017545104026794434,-0.7155427285581306,0.20513288905489885,0.7332606367069079,-0.45731957214988966,0.0607672642626883
1995-02-01,0.4952497184276581,0.4233777511790807,0.012295969015530166,1.3002370749827732,-0.103613942861557,-1.4161469868598604,-0.17989597928164888,0.311049659404065,0.5693829054587213,-0.8584428415462079
1995-03-01,0.2499556690454483,0.4029941834620878,-0.0336303646517083,1.9307462487391487,-0.24529404938220978,-2.14240993346965,-0.6494331206445458,-0.853740506766188,0.6290171225044289,-1.193561347679686
1995-04-01,0.01558639109134674,0.38318157333142555,-0.04116388242284879,1.6677611822250347,-0.23436927795410156,-1.8609665777562874,-1.258404724042159,-0.942375706010772,-0.2844231155250477,-0.3408122981530142
1995-05-01,-0.1066342443227768,0.392245643632274,-0.03611298809162914,1.3474461824289845,-0.12222063541412354,-1.433553829751479,-0.9966197841165289,-0.754263649606394,0.7302369768117984,-0.9216301870717276
1995-06-01,-0.0686250552535057,0.4021308038435863,-0.02578980871685998,0.6746992029261325,0.03800918906927109,-0.6109002051400014,-0.7564425596904703,-0.41026833176514693,0.7481490694736599,-0.49417072024899783
1995-07-01,-0.0460931695997715,0.3982844062004729,-0.04084716230363393,0.5184415035319386,0.022531885653734207,-0.4550624555745705,-1.0208712848137944,-0.6769342224605934,0.7457169167827208,-0.5051024425457605
1995-08-01,-0.24882058799266815,0.401421166262152,-0.09752969227646938,0.8187363943550717,-0.20272741839289665,-0.9239341204714989,-1.0593521528478242,-1.9263119596468323,0.9433152100718052,-1.205619961574658
1995-09-01,-0.41448235511779785,0.4038649351398701,-0.0814242412392718,0.9914991313273983,-0.1656617671251297,-1.0757366572132563,-1.3394538327592413,-1.4117063346765215,0.5429502795995047,-0.8042300225594292
1995-10-01,-0.40510284900665283,0.4136882132052415,-0.0658827576374631,1.2204839867208461,0.00937950611114502,-1.145221722972238,-1.4402997790876741,-0.8852756273616194,0.6740788755296937,-0.4551616613406388
1995-11-01,-0.47909051179885864,0.42294409660956683,-0.06409400214664983,1.0593535623687176,-0.07398766279220581,-1.0692472230142736,-1.2504094183390169,-0.8675999385412718,0.8288549079682271,-0.8478145652473669
1995-12-01,-0.47250673174858093,0.4256631451123251,-0.04185807245284889,1.1791281866149177,0.00658378005027771,-1.130686334111791,-0.9678574851165088,-0.4384909628368385,1.7492423109196198,-1.4719194606963666
1996-01-01,-0.3386728763580322,0.4243586220710999,-0.01660931296519869,0.75713539346104,0.1338338553905487,-0.6066922251052925,-0.5412775249529516,-0.23764442052688814,-0.17141680741920196,0.39169393407749137
1996-02-01,-0.2983928322792053,0.4155325961429233,-0.035400875871938506,1.110718558592398,0.040280044078826904,-1.0350376386416327,-0.4325368536219504,-0.8272569799562498,-0.0817801161398385,0.30020359039971534
1996-03-01,-0.21670252084732056,0.4002377704973137,-0.02221949271589456,1.7725982361457349,0.08169031143188477,-1.6686884319979556,-0.7381990632236197,-0.5814149196949208,0.08563941091442658,0.2466440159052323
1996-04-01,-0.4382929503917694,0.39690406574672654,-0.02538852655034076,2.0505891381257073,-0.22159042954444885,-2.2467910411198155,-0.8164934468333042,-0.5658897482851807,1.030928087431827,-1.513793595839854
1996-05-01,-0.40089625120162964,0.40880025555713,-0.007466885245190657,1.3412992676759132,0.03739669919013977,-1.2964356832405828,-0.46350455417091974,-0.07061153092157076,0.709116910760448,-0.5047643926412103
1996-06-01,-0.38395997881889343,0.4095288323857076,-0.02117713894812604,0.6320447095832541,0.016936272382736206,-0.5939312982523919,-0.5182006905799399,-0.30018489468845383,0.601593317038934,-0.4425819478631436
1996-07-01,-0.26971983909606934,0.41224102363058296,-0.035083384104992246,0.35239963549161674,0.1142401397228241,-0.2030761116638004,-0.571420379876273,-0.5393790653680576,0.17521685924588226,0.26098497996514186
1996-08-01,-0.1622702181339264,0.4181322613963819,-0.043403859956294526,0.7196211400880874,0.10744962096214294,-0.56876765916965,-0.5211976273556549,-0.6345746458618414,0.6027670162369745,-0.125844944094346
1996-09-01,-0.22322745621204376,0.4183862560203727,-0.04939439208310928,0.9467828438649728,-0.06095723807811737,-0.9583456898599809,-0.8718175417085554,-0.6472995895723351,0.3893104484458796,-0.4473386838860223
1996-10-01,-0.22352954745292664,0.4402256956021651,-0.05671276260655297,1.1434973333885872,-0.00030209124088287354,-1.0870866620229171,-0.5857019126785209,-0.6664295747303995,0.40956191559669325,-0.2784197859319063
1996-11-01,-0.2661336362361908,0.4413136030768543,-0.04921262112189163,0.8382289461971774,-0.04260408878326416,-0.8316204138585499,-0.6588483652169284,-0.5124490923312456,0.06909709665499765,-0.12538291708606428
1996-12-01,-0.41188812255859375,0.4466392731344443,-0.048953540318825324,0.6291249464495153,-0.14575448632240295,-0.7259258924530929,-0.2923542860901229,-0.6078274923340076,-0.14050323255747224,-0.2413691115294752
1997-01-01,-0.28010839223861694,0.45375629397453743,-0.007169927951557705,0.9869948193823932,0.1317797303199768,-0.8480451611108587,0.4054282442795678,-0.012369254887393507,0.6183527685390238,-0.342065863340008
1997-02-01,-0.12278836965560913,0.44923596169739594,-0.01601861312462593,0.968514809413092,0.1573200225830078,-0.7951761737054582,0.6528270050460842,-0.3646905686318695,-0.5703752400458594,1.0294290261150405
1997-03-01,0.01561099011451006,0.45898601323027494,-0.0002654892726421386,1.8084426546979042,0.1383993597701192,-1.6697778056551429,1.1536956592650496,-0.05747276085918753,0.20879655849253748,0.2433321084255102
1997-04-01,0.23548199236392975,0.4692348147767717,0.0004637706941542994,1.6005753107740088,0.2198710022494197,-1.3811680792187435,1.512804520181772,0.051086944105150585,-0.5152657576902446,1.1178683166956458
1997-05-01,0.5562530159950256,0.47388369540807657,-0.03564744775129555,0.8457192266549637,0.3207710236310959,-0.4893007552725722,1.6324052236773072,-0.7431533201591939,-0.9936370106053503,1.949082538065847
1997-06-01,0.8286111950874329,0.4862490025938688,-0.12379949489069836,0.3133610509418822,0.2723581790924072,0.08279662304122337,1.9524516791430573,-2.7493135402378863,-0.49336572995758643,1.6148023568536503
1997-07-01,1.1395684480667114,0.4792552041304561,-0.0893027315935778,-0.0769313878657388,0.31095725297927856,0.4771913724385952,1.5866658627353687,-1.8333481606751583,-1.2999133378453782,2.329130243021623
1997-08-01,1.2322217226028442,0.48640959337882644,-0.05575981295769174,0.3538008886614051,0.09265327453613281,-0.20538780116758054,1.677566421304471,-0.9294550173056495,-0.6541477423730758,0.9789003944378066
1997-09-01,1.3448189496994019,0.4995996255565324,-0.1262100193812056,0.6381062243121198,0.11259722709655762,-0.39929897783435664,1.7435312427543617,-2.4805390578505273,-0.6712656056154672,1.2522718903701817
1997-10-01,1.4890714883804321,0.5199402402080794,-0.22966951469592284,0.5793325853363125,0.14425253868103027,-0.20541053195935938,1.9813795731631412,-4.79412019430954,-1.5288408801723754,2.4020468754239808
1997-11-01,1.6455427408218384,0.5145333938654886,-0.2133580192025741,0.9543764989238258,0.15647125244140625,-0.5845472272798454,1.6990797928115566,-4.429852788456501,0.4681662368385127,0.6257675529753614
1997-12-01,1.6568431854248047,0.481146715438121,-0.08061187446854122,0.11631037245642174,0.011300444602966309,-0.024398053384914214,0.8189035991483701,-1.3633678648414753,-1.9024729539396918,1.8914117594914246
1998-01-01,1.5875296592712402,0.4350828806870024,0.2276826127364217,0.2132648874366256,-0.06931352615356445,-0.5102610263266119,-0.19591964982035429,5.592492177068702,-2.040091007736976,0.6848635057910897
1998-02-01,1.3669078350067139,0.40131674544194945,0.24263980264431365,0.38794655711980475,-0.22062182426452637,-0.8512081840286447,-0.8903359581689477,5.80830877106996,-2.5651385202141452,0.8590808330328218
1998-03-01,1.0704251527786255,0.3844665828919484,0.22038010958659934,1.0586385334339163,-0.2964826822280884,-1.575501325248604,-1.2460853456030705,5.208333619409266,-2.367440985514044,0.529950917830594
1998-04-01,0.8592095375061035,0.3704050162679143,0.16545102039498316,1.081114154842195,-0.21121561527252197,-1.4577807905097,-1.6698536415851928,3.98858180749377,-2.300072341986717,0.8849507957952116
1998-05-01,0.6972397565841675,0.3564388078527471,0.15369689557629865,1.3284047581495622,-0.16196978092193604,-1.644071434647797,-2.149722591773746,3.7756345293018057,0.664812913741418,-1.5616445895398916
1998-06-01,0.20588326454162598,0.34555932974164294,0.06697321853468453,1.1823103683395915,-0.4913564920425415,-1.7406400789168175,-2.57823787335391,1.8035630035510635,2.492240499500182,-3.928799337726558
1998-07-01,-0.10974841564893723,0.3333511494908027,-0.0051728129115797775,1.0507657764422278,-0.3156316801905632,-1.3612246437212112,-3.1119446508959876,0.17445015870009495,2.574719637047388,-3.2600114757905136
1998-08-01,-0.31765878200531006,0.3372138673627871,-0.03909531718249699,1.297473709173508,-0.20791036635637283,-1.4662887583473838,-3.127047189874136,-0.5317493362013658,2.588199532757362,-2.85448338873045
1998-09-01,-0.4692046344280243,0.35578004322575046,-0.06862501482374715,1.1786236510994137,-0.15154585242271423,-1.2615444886983809,-2.8879521198870806,-1.1062470439867207,1.1858878143095068,-1.3691219150946234
1998-10-01,-0.6286381483078003,0.3603391016048705,-0.042906040899859506,1.6753451606281073,-0.159433513879776,-1.7918726336080237,-3.1583239784663695,-0.3369259561239943,2.236927625354343,-2.4211060125500765
1998-11-01,-0.6989473700523376,0.3771006101670399,-0.01993110384750411,1.472535438840102,-0.07030922174453735,-1.5229135567371352,-2.726726768890786,0.18636747724726252,2.248498562199225,-2.2270483240608483
1998-12-01,-0.8474900722503662,0.37655479109692847,-0.026782364911946594,1.150656378710536,-0.14854270219802856,-1.272416715996618,-2.5493147588965015,-0.07870242698397585,1.6514165743187579,-1.9028073463830653
1999-01-01,-0.8942801356315613,0.37037194069270446,-0.035857475209230265,1.1778632243420015,-0.04679006338119507,-1.1887958125139664,-2.279833655878017,-0.6970104630724433,1.2741538462827289,-1.3780140191049703
1999-02-01,-0.7548576593399048,0.36807576910710676,-0.005492120501128635,1.8450041870028429,0.1394224762916565,-1.7000895902100577,-1.960809299543897,-0.11347109131058314,2.4411377370542944,-1.7216834988201397
1999-03-01,-0.49040552973747253,0.3726450066920932,0.008306563448912882,2.265058948787949,0.26445212960243225,-2.0089133826344296,-1.6267806070028723,0.14710312982947193,1.7776756919612617,-0.7877059074354167
1999-04-01,-0.643385112285614,0.3698194453518564,-0.009129375672539073,2.3277527300874685,-0.15297958254814148,-2.471602936963071,-1.688711031597153,-0.17785780532902698,1.9832291367244248,-2.1972654188102894
1999-05-01,-0.5561673641204834,0.3820862004817204,-0.0005438855010367625,1.5497749343155867,0.08721774816513062,-1.4620133006494194,-1.3237886658705382,0.09460896933693946,1.4254144399118425,-1.0081525055746208
1999-06-01,-0.6261820197105408,0.3875172833632605,-0.0035796158436370174,0.6366153525066798,-0.07001465559005737,-0.7030503922531002,-1.227047993786232,0.11978790295458719,0.6172975010593251,-0.7743251851051146
1999-07-01,-0.6078057289123535,0.39592441183714344,-0.007582350135706015,0.4838904607122383,0.018376290798187256,-0.457931819778345,-1.0968711900599977,0.11694546994175468,0.6270036539819791,-0.5138258669702725
1999-08-01,-0.6527562141418457,0.3950759523551906,-0.01938381228257941,0.7058766959062946,-0.04495048522949219,-0.7314433688532074,-1.2636897831359006,-0.061325412935644814,0.5555427450994053,-0.620410693977754
1999-09-01,-0.7429194450378418,0.40159061858419076,-0.053432687209028724,1.2508303738057696,-0.0901632308959961,-1.287560917492737,-1.4126946190158869,-0.7436753176603417,1.4339815026346645,-1.4482169111514902
1999-10-01,-0.8032006621360779,0.4212489946882855,-0.07142714526502562,1.10033928833643,-0.060281217098236084,-1.0891933601696404,-1.1968167075908733,-1.0175949298758984,0.26127601953911606,-0.2848245574293777
1999-11-01,-1.006256103515625,0.42188186875462813,-0.05851641668153567,1.0974477294182705,-0.20305544137954712,-1.241986754116282,-1.2846167950936491,-0.7344883547139085,0.9597419230932935,-1.3729762866878732
1999-12-01,-0.9933484792709351,0.4226919733605817,-0.04959807703773358,1.0101111571512682,0.012907624244689941,-0.9476054558688447,-1.063539396527572,-0.6232096508012134,1.1685199535302067,-0.9153180356055031
2000-01-01,-0.9573848247528076,0.410840179240007,-0.058922700723764945,1.0810172697308356,0.03596365451812744,-0.9861309144889432,-0.9766177063548397,-1.2474724360495235,0.9414026954436941,-0.7618733705609242
2000-02-01,-0.7963404059410095,0.4080517377255116,-0.035069342893432186,1.395401123173616,0.1610444188117981,-1.1992873614683859,-0.6734461285413422,-0.8193447964252215,0.896355226410508,-0.19914746512031933
2000-03-01,-0.5972133278846741,0.402279497545829,0.010001662797224625,2.2244034576445118,0.19912707805633545,-2.035278042385401,-0.6724484560879065,0.1875574375957608,1.6379882726960988,-0.8678595932286063
2000-04-01,-0.38136255741119385,0.40607312844068,0.008152883577992414,2.183995476988295,0.21585077047348022,-1.9762975900928073,-0.5212182094154257,0.23459107875208218,1.4892963586102925,-0.691440973521804
2000-05-01,-0.45946642756462097,0.404633230576476,-0.00389192634639972,1.5181186202491403,-0.07810387015342712,-1.5923305640561678,-0.5976970372586673,0.014706469871456783,1.3166471199011682,-1.4043422946026414
2000-06-01,-0.4557555615901947,0.41621608227964707,-2.7808329493338564e-05,0.4378335414336301,0.0037108659744262695,-0.4340948671297105,-0.3028483294920611,0.2045533855482132,-0.06569309638994188,0.04335184379294786
2000-07-01,-0.45445600152015686,0.41856023063196285,-0.0024732049346295843,0.4504452517676853,0.0012995600700378418,-0.44667248676301785,-0.3679202610630776,0.23887751633942245,0.5120899045018448,-0.47959530798427336
2000-08-01,-0.38315948843955994,0.42462024081655875,-0.010736772297356156,0.4319250799787802,0.07129651308059692,-0.34989179460082714,-0.3122624583423194,0.14504008250155517,-0.3857223375784365,0.5395801909945249
2000-09-01,-0.2116466760635376,0.43135998550021243,-0.012252513668582047,1.1223935299543286,0.17151281237602234,-0.9386282039097242,-0.4540189967295537,0.23910803125286909,0.9926878236855503,-0.3873936973617686
2000-10-01,-0.2864757180213928,0.4418218358040279,-0.019576019977883923,0.7440420650157623,-0.07482904195785522,-0.7992950869957336,-0.534300728851078,0.21985547825715215,-0.9629187501517121,0.5965224927298258
2000-11-01,-0.43853285908699036,0.44169456165475657,-0.036331749340947364,1.0678582889298187,-0.15205714106559753,-1.1835836806544688,-0.6465801936173766,-0.20504129830229495,0.8580761342150014,-1.1954196011917788
2000-12-01,-0.5093058943748474,0.4337271891224712,-0.015738172451608308,0.8088291899122525,-0.07077303528785706,-0.8638640527485012,-0.7081676357697119,0.18487218961040483,0.4769391176466892,-0.6607279071157328
2001-01-01,-0.2784748375415802,0.4312363292472803,-0.00851585963496462,1.181299799116693,0.2308310568332672,-0.9419528826484611,-0.3197917867567753,-0.04449051940629713,1.2859615073854995,-0.6275635741686881
2001-02-01,-0.25030961632728577,0.4096814804811091,-0.003864453371726639,1.1371740006104547,0.028165221214294434,-1.1051443260244336,-0.6209628273412696,-0.07462608375425281,0.00911762773400592,0.08706564568281502
2001-03-01,-0.023295877501368523,0.4083621468635541,0.002864264049709243,2.448099887376907,0.22701373882591724,-2.2239504126006993,-0.4765663052759821,0.017220208765907803,2.406582528707033,-1.4414602398114347
2001-04-01,-0.01429012417793274,0.40758585734916314,-0.00011139880302187711,1.9787260271611253,0.009005753323435783,-1.9696088750346676,-0.4725031550516024,0.037360265559895516,0.7840150080745516,-0.6711059807627736
2001-05-01,-0.06581825762987137,0.4109049264491066,0.0005143737849218417,1.4222148763513094,-0.05152813345193863,-1.4742573835881698,-0.39572693959263766,0.11986480280377479,0.9871332927113646,-1.0453768955712415
2001-06-01,-0.048474159091711044,0.4259174528092426,0.000479693302648404,0.4034467659105738,0.017344098538160324,-0.3865823606750619,0.009569044237335633,0.216665140082839,-0.18384195634884085,0.18779909058408104
2001-07-01,0.003923201002180576,0.4341067333008249,-0.0013641185779479578,0.40087074842860915,0.05239736009389162,-0.3471092697567696,0.13273039645648813,0.2653463606919831,0.34175782295458684,-0.17690379260509262
2001-08-01,-0.07714410126209259,0.43633490444826134,-0.013315898380371014,0.3498281780594586,-0.08106730226427317,-0.41757958194336076,0.06498985201680173,0.08348807940848466,-0.6677975022422993,0.33379617216265617
2001-09-01,-0.1553817242383957,0.4537206877074268,-0.04120102949847562,0.8532088653052061,-0.0782376229763031,-0.8902454587830336,0.26607223543311465,-0.45176130919385177,0.06780141712533376,-0.24030075600287726
2001-10-01,-0.05209420248866081,0.4609783971062787,-0.028498572425961394,0.8759228247554016,0.10328752174973488,-0.7441367305797053,0.08260618687569526,0.006914754071942028,-0.5097921869092696,0.7642146082662771
2001-11-01,-0.17567287385463715,0.4728145904305702,-0.024379943129855038,0.9097761451214649,-0.12357867136597633,-1.0089748733575863,0.3555913687266414,0.08019392835750076,0.3149247399153916,-0.664574917095966
2001-12-01,-0.21217499673366547,0.46178972376810024,-0.0026742991624131972,0.445258192743286,-0.03650212287902832,-0.4790860164599011,0.195542138785529,0.4966473968790858,-0.7722474715649643,0.5090720490418964
2002-01-01,2.24163868551841e-05,0.4618942132332437,0.0024896805510168296,0.8545298539113438,0.21219741312052065,-0.64482212134184,0.6674971297706257,0.2181616432892865,0.16321894407194937,0.27577164449973324
2002-02-01,0.11761755496263504,0.4482205017880585,-0.007770178193208599,0.9791236270828014,0.11759513857577986,-0.853758310313813,0.6201257163946632,-0.16783796194654316,-0.5339246076698293,0.8513279538784909
2002-03-01,0.23577208817005157,0.44258511793479427,0.007212780490130947,1.538996614467461,0.11815453320741653,-1.4280548617501754,0.6255306315100978,0.1209995079455062,-0.7169879033951825,0.9782168017145947
2002-04-01,0.34369367361068726,0.42770630675573706,-0.006022962584916437,2.3170380460912066,0.10792158544063568,-2.2030934980656545,0.17544426048939604,-0.10372186089540167,1.9464147602752748,-1.3809445786713859
2002-05-01,0.4875020980834961,0.4312960725366927,-0.0026564056377117755,1.4594302993651918,0.14380842447280884,-1.312965469254671,0.2609378366450894,0.044192726857317725,1.1150010481230408,-0.5550181522920657
2002-06-01,0.5763491988182068,0.44737724686980374,-0.0018082756652976024,0.21311502141797645,0.0888471007347107,-0.12245964501796815,0.7006479470296142,0.16206173239396773,-0.837799132726457,0.9907834401485685
2002-07-01,0.4001085162162781,0.4661021710558473,-0.0003779392027283669,0.38678301461811715,-0.1762406826019287,-0.5626457580173175,1.163093127603841,0.28888197469456883,0.29335404959124683,-0.8321765751930431
2002-08-01,0.410366952419281,0.467717607160118,-0.0009879135605843105,0.34623573799266416,0.01025843620300293,-0.3349893882290769,1.0756204151788353,0.3777009776285775,-0.6801406979012771,0.5848864004873173
2002-09-01,0.5290310382843018,0.49126178132846837,-0.009461612805396008,0.8184385753348005,0.11866408586502075,-0.6903128766643837,1.4750240881879042,0.305714134651456,-0.05166515273927333,0.3675331215562291
2002-10-01,0.6611646413803101,0.5093493624784851,-0.029517489163637885,0.9242173876298527,0.1321336030960083,-0.7625662953702066,1.6403170196120638,-0.01740215179864366,-0.3438578281612698,0.7081851521884814
2002-11-01,0.9082740545272827,0.5062369539637616,-0.007344319401842475,0.4281876290961661,0.24710941314697266,-0.17373389654735097,1.4319059994290464,0.48675674484970005,-1.3397559701016373,1.8747198604282587
2002-12-01,0.871951162815094,0.4827687611491173,0.014034491021877595,0.5908247845579636,-0.03632289171218872,-0.6411821672920299,0.8711390291376249,0.8954101839634302,-0.2720980213940706,0.01626827062009088
2003-01-01,0.5336496829986572,0.4530313634460195,0.023858490099929526,0.49015993491869403,-0.33830147981643677,-0.8523199048350604,0.38208299721731886,0.728137886836249,-1.0887126452517726,-0.35506191443842766
2003-02-01,0.47613951563835144,0.4302339172797582,0.008824866191216352,0.9241078558332456,-0.057510167360305786,-0.9904428893847678,0.04089606247077323,0.22821023050387704,-0.7229522368680457,0.4357802886663846
2003-03-01,0.4229372441768646,0.41540911712411843,-0.006575496810115876,1.4141864643345727,-0.053202271461486816,-1.4608132389859436,-0.24962971576645196,-0.20806392661168566,-1.1458206952227403,0.8786249730753566
2003-04-01,0.06380785256624222,0.41350653976268215,-0.04369571636957425,2.032251520576541,-0.3591293916106224,-2.347685195817589,-0.2818368935502437,-1.002799061017061,0.967922220355293,-1.8205314202761012
2003-05-01,-0.2765491008758545,0.4115165511541813,-0.06434492650985935,1.3291377258027999,-0.3403569534420967,-1.6051497527350373,-0.3760305282985294,-1.4280315480764707,0.6673313031890916,-1.4433151177376669
2003-06-01,-0.08656677603721619,0.426854283437678,-0.007286304808195215,0.6579823671256134,0.1899823248386383,-0.4607137374787799,0.03973820061294056,0.03132610493933208,0.6907120152018178,-0.037574691587443754
2003-07-01,0.17584572732448578,0.4451582723930497,-0.001843670478609997,0.3073637494851865,0.26241250336170197,-0.04310757564487456,0.4886278243846015,0.2539016390604088,0.020478925608255302,0.7473203961612555
2003-08-01,0.24572600424289703,0.4557623382408993,0.0006156881644063279,0.7301386699122578,0.06988027691841125,-0.660874081158253,0.6906197901046046,0.4159716534930535,0.6389039944621142,-0.4058663544725872
2003-09-01,0.1312117576599121,0.46007708356103627,0.0003907160973291979,0.9196351800735018,-0.11451424658298492,-1.034540142753816,0.47076996271927113,0.5408443917909618,0.2960343131083519,-0.6789846180313114
2003-10-01,0.43516799807548523,0.47779960238002794,0.004218816784214286,1.233229642137027,0.3039562404155731,-0.9334922185056682,0.624306636163341,0.7877299515623563,0.717871427577531,0.18853715117811487
2003-11-01,0.5373623967170715,0.489926114516725,0.004439401566332815,0.8468819776761171,0.1021943986415863,-0.7491269806008636,0.906641078578996,0.7679805416456889,0.09882788091360628,0.12541314065917047
2003-12-01,0.5408475399017334,0.48263044967071655,0.013799427689875455,0.6214190943494494,0.0034851431846618652,-0.631733378854663,0.8666849255955763,0.8898002919020268,-0.16697962142458853,0.04499442247217896
2004-01-01,0.43155258893966675,0.4740935454643911,0.003634187463520421,1.0296713205090957,-0.10929495096206665,-1.1426004589346828,1.060357429795302,0.2454758151253967,0.7649841370944671,-1.2375711728526952
2004-02-01,0.3936252295970917,0.4510370956513294,-0.004756632296053602,1.2619686886078927,-0.03792735934257507,-1.2951394156544143,0.7108296901209518,-0.09591833475019963,0.4378972935080683,-0.49055632479944633
2004-03-01,0.2129874974489212,0.43433363032563316,-0.018938307198531783,1.7240042878382738,-0.18063773214817047,-1.8857037127879124,0.3598044559815507,-0.5031079526785711,-0.08132360047867855,-0.41312458316110784
2004-04-01,0.12424494326114655,0.4356535401148434,-0.004962929834508795,1.9936777149033658,-0.08874255418777466,-2.0774573392566316,0.431372406609816,-0.07842370290245203,0.835387224117975,-0.9989862567146337
2004-05-01,-0.12541723251342773,0.4378208515439484,-0.0082789912690471,1.226355502271502,-0.24966217577457428,-1.4677386867770292,0.47105807845967645,-0.0899928061610818,0.3141838402604642,-1.0255587913014914
2004-06-01,-0.04226774349808693,0.44638136518461313,-0.0037384384530290866,0.1679686507190009,0.0831494890153408,-0.08108072325063102,0.6685771442823836,0.11599753000270624,-0.9929166785919995,1.1165833983171138
2004-07-01,0.11316777765750885,0.4610787257047668,0.0005244718227449646,0.4005913319004849,0.15543552115559578,-0.24568028256763408,1.0013209739818374,0.3104184193829286,0.34079778108531017,0.13146002647206914
2004-08-01,0.17186014354228973,0.459463852046946,0.004630121322666559,0.2640320920278696,0.058692365884780884,-0.20996984746575525,0.8098212182513177,0.5117779049987248,-0.9625826223757995,0.9649700838347952
2004-09-01,0.37018269300460815,0.4900340170162838,0.007487459943955678,1.0681540975621244,0.19832254946231842,-0.8773190080437617,1.4354858702834101,0.7102113731398009,0.8063276022201813,-0.20100183537339425
2004-10-01,0.43639707565307617,0.4913734495797668,0.014864400233405614,0.978516372023605,0.06621438264846802,-0.9271663896085426,1.0614310280840102,1.041791584961141,-0.15729299312035766,0.2077688995333353
2004-11-01,0.5696070790290833,0.508007530939233,0.009845977427459015,0.7922906240491997,0.13321000337600708,-0.6689265981006516,1.4889246450910207,0.897010904418009,-0.08874149994644945,0.3692378787796313
2004-12-01,0.6305360794067383,0.4987103930813289,0.0034729895109212937,1.0345398645941597,0.06092900037765503,-0.977083853727426,1.3845142028853576,0.64335520380909,1.2524540790986796,-1.0049380899495126
2005-01-01,0.5184109210968018,0.48309087483893015,-0.005488436511853916,0.607486845066511,-0.11212515830993652,-0.7141235668645936,1.3501022658673498,0.027760294024241808,-0.6855913736114511,0.06508179141941788
2005-02-01,0.2234642058610916,0.4646595483674932,-0.031783028051550866,0.8195262440274218,-0.29494671523571014,-1.082689931211581,1.1495193462219668,-0.7409154157739938,-1.082282183324857,0.1553313666709007
2005-03-01,0.2597280740737915,0.4588663027583256,-0.022584520341620704,1.603037317075512,0.03626386821269989,-1.5441889285211914,1.1498405718688682,-0.5901264680351586,-0.496951686302513,0.6251466849077049
2005-04-01,0.22500404715538025,0.4438780778613135,-0.006358792646118207,1.3639254562566905,-0.034724026918411255,-1.3922906905289836,0.6962307042134233,-0.11173659623617031,-1.3283664365228198,1.0840534182451578
2005-05-01,0.2305535078048706,0.44437130947281545,0.003617760767932422,0.9534168326531746,0.0055494606494903564,-0.9514851327716166,0.682005269541437,0.19392852789082848,-0.6236008796962562,0.5439522719255973
2005-06-01,0.1762324571609497,0.43145880818520366,-0.0023694567683694525,0.3376162182103762,-0.0543210506439209,-0.3895678120859276,0.1880196753288593,0.14866889316073656,-0.41002786773309546,0.17872273850528933
2005-07-01,0.17401139438152313,0.441609205539967,-0.0020676756742385462,0.11628239256349063,-0.0022210627794265747,-0.11643577966867866,0.3743357104974328,0.2485556543933564,-0.6360538296819469,0.524388415220884
2005-08-01,0.14290601015090942,0.43791484856712226,-0.0024747579755661805,0.5685256133093819,-0.03110538423061371,-0.5971562395644294,0.11586946647415351,0.34221676744103263,0.08362080487372073,-0.21215174170033554
2005-09-01,-0.011537209153175354,0.45004607390032336,-0.016049433765448824,0.6638907937684151,-0.15444321930408478,-0.802284579307051,0.1477370794278014,0.1484928267130067,-0.5826728998600319,0.02711740005168012
2005-10-01,-0.05124388262629509,0.46503947534751827,-0.04040985708604942,0.8902318848243262,-0.039706673473119736,-0.8895287012113966,0.21338682191763556,-0.2773534075617665,-0.46062796291585384,0.32219478169006155
2005-11-01,-0.4242549240589142,0.47187277269958267,-0.07444114933460017,0.8463253147989185,-0.3730110414326191,-1.1448952068969374,0.3252616105600722,-1.1145392564410341,0.09691525365146726,-1.0777991274716503
2005-12-01,-0.4625868797302246,0.4644767741798473,-0.08444669953396086,0.6102404393958505,-0.038331955671310425,-0.5641256955332,0.28207436947969133,-1.4548876884912656,-0.2053881467530554,0.2505349095233869
2006-01-01,-0.2572079002857208,0.4387613127903424,-0.0635252458771692,0.9329677230039977,0.20537897944450378,-0.6640634976823246,-0.07746153159246494,-1.3573142446311257,0.4327221082953195,0.2172741236520803
2006-02-01,-0.18333174288272858,0.42605732006287783,-0.001582511179336259,1.4220980988505305,0.07387615740299225,-1.346639430268202,-0.0936046794236475,-0.020166507772595932,0.9880828511324885,-0.6471263707886102
2006-03-01,-0.23969793319702148,0.4220666095284698,-0.016734466999645297,2.2428516267288083,-0.05636619031429291,-2.282483350043456,-0.03523564781020198,-0.450512315872818,1.701373981663699,-1.6194117370298398
2006-04-01,-0.2045191377401352,0.4311014740816055,-0.0008291729172698058,1.5170722975677828,0.03517879545688629,-1.4810643291936267,0.2847802822487768,0.020230263738243614,-0.8021721530524235,0.8141643164151282
2006-05-01,0.08949657529592514,0.445664840301637,0.002115483306305324,1.369064897759273,0.29401571303606033,-1.077164668029518,0.7236613946369176,0.15807600110910905,0.8045163045823522,0.16186207714032905
2006-06-01,0.1990019828081131,0.44769008775509084,0.0012721030029037527,0.0834824307497292,0.10950540751218796,0.024750873759555,0.7107224955151519,0.23557635370760355,-1.283201255141299,1.4383320062593583
2006-07-01,0.16492114961147308,0.4518664849745259,-1.1759102613717117e-05,0.4018828068348895,-0.034080833196640015,-0.43595188092891585,0.7046552558418213,0.29762102735403817,0.34523513494720665,-0.4470025842527413
2006-08-01,0.29662811756134033,0.46685279219557174,-0.00019022885317978547,0.38798061109254667,0.13170696794986725,-0.25608341428949966,1.047770409949039,0.3967380816696736,-0.5367102921462201,0.8247758852027609
2006-09-01,0.5955467224121094,0.48693933702630654,0.007108707559107366,0.6264840506001791,0.29891860485076904,-0.3346741533085174,1.3358265703883963,0.7011722772548725,-0.711198008506497,1.4487439073964326
2006-10-01,0.5716485381126404,0.49768915562802846,0.02934762625025526,0.9881741436620726,-0.023898184299468994,-1.0414199542117968,1.2648184042104467,1.3874402829668961,-0.12411004149224535,-0.13958412548052884
2006-11-01,0.7359446287155151,0.5042314201539095,0.0025846262801264936,0.7774571776269722,0.16429609060287476,-0.6157457133042239,1.3673209385978935,0.7237154958593002,-0.13970745291498243,0.5309180965575091
2006-12-01,0.8476165533065796,0.4841453831910256,0.014635113364615098,0.6207788523490805,0.11167192459106445,-0.5237420411226311,0.9154709760145083,0.9097443061071334,-0.16917941658685015,0.37330906164140365
2007-01-01,0.7604041695594788,0.44684366827090916,0.036537537065750386,0.5898280951241675,-0.08721238374710083,-0.7135780159370186,0.182818009847886,1.0307290409473044,-0.746264732548181,0.06674037218799433
2007-02-01,0.30498069524765015,0.41269031135136997,-0.015087686660684435,0.9354291484374909,-0.4554234743118286,-1.375764936088635,-0.5240681632713641,-0.34247359018893625,-0.6840536255819761,-0.7356735648032303
2007-03-01,0.029813291504979134,0.3952597913935499,-0.048917067824893044,1.682364187105431,-0.275167403742671,-1.9086145230232088,-0.8985070478875704,-1.2185645482100345,-0.22439402087504348,-0.48277789567160556
2007-04-01,-0.12271447479724884,0.40698384529398357,-0.030935609889375167,1.6745489157118312,-0.15252776630222797,-1.796141072124684,-0.49189000608042077,-0.6982733851652543,-0.2611012727244008,-0.14373017159195484
2007-05-01,-0.2977212965488434,0.40726565211652366,-0.02345543829564777,1.2434134654622282,-0.17500682175159454,-1.394964848918175,-0.5129240434242924,-0.4521855351149084,0.3727929675644724,-0.8043121911632798
2007-06-01,-0.18281470239162445,0.40545750530457375,-0.022589020720134932,0.529100852323522,0.11490659415721893,-0.39160523744616815,-0.6493113733851079,-0.33388008771141564,0.24789049989477085,0.17252856973185085
2007-07-01,-0.3462824821472168,0.4070992755046382,-0.046802617207712824,0.36111350850219304,-0.16346777975559235,-0.47777867105007255,-0.7370022882247096,-0.8190638302725564,0.2051566877516375,-0.5741641491951972
2007-08-01,-0.5041089653968811,0.4141426828036057,-0.07162518655952528,0.5421271734112911,-0.1578264832496643,-0.6283284701014301,-0.6496757287166711,-1.3080892885977489,-0.007081086513614688,-0.3069213763376109
2007-09-01,-0.5841166377067566,0.4161617348134811,-0.0982046342340618,0.7576156524199736,-0.08000767230987549,-0.7394186904957873,-0.9434547471056979,-1.8121779550134718,-0.26064546253704624,0.21824191091141137
2007-10-01,-0.7398788332939148,0.42684177166206183,-0.10006473625672932,1.1313689892788328,-0.1557621955871582,-1.1870664486092617,-1.0167101248486632,-1.7010439093220415,0.3678903715812936,-0.5823777537344985
2007-11-01,-0.9394493103027344,0.4402308123078031,-0.07651206984927587,0.6832873266451569,-0.19957047700881958,-0.8063457338047006,-0.6937179382667805,-1.1639627052457617,-0.46326383081790223,-0.04854298125169417
2007-12-01,-0.9746572375297546,0.4323889669839174,-0.07452307941151395,0.9257112074427244,-0.035207927227020264,-0.8863960552582307,-0.7512629741776303,-1.2180560343530953,0.8785317913087503,-0.7292295705741315
2008-01-01,-0.9107648730278015,0.4176001955047928,-0.047905310097443865,0.9907885837752661,0.06389236450195312,-0.8789909091758692,-0.7589220187847607,-0.9845374572693587,0.6313876905738062,-0.4361469472783919
2008-02-01,-0.8140293955802917,0.417322073149561,-0.021206030079113144,1.361476755686971,0.09673547744750977,-1.243535248160348,-0.3749095621936543,-0.4884906056019132,0.7797951453210082,-0.33366963382722037
2008-03-01,-0.5561692118644714,0.4191712046636077,0.004613544574659831,2.3030114365053915,0.2578601837158203,-2.0497647973642312,-0.12847760584118298,0.05896757466301982,1.9080759137969328,-0.91190214176532
2008-04-01,-0.43682846426963806,0.42447629060071734,-0.002954251182346398,1.742201355313606,0.11934074759483337,-1.6199063565364262,0.0714266723376673,-0.030485684119609818,-0.02865555803304739,0.39205758946925034
2008-05-01,-0.39176520705223083,0.4294693879441279,-0.010129824766375611,1.090399038412656,0.04506325721740723,-1.0352059564288731,0.2021123334545788,-0.13416377938436594,-0.15294635629418524,0.28942470900024714
2008-06-01,-0.3368653655052185,0.4360182386927655,-0.004647394264125208,0.3657856329692415,0.05489984154701233,-0.30623839715810397,0.3348489609982064,0.09430489106407296,-0.31324111791883114,0.43206034287960904
2008-07-01,-0.03395427018404007,0.43816937432380443,0.016157215343067986,0.25516952394817916,0.30291109532117844,0.031584356029931294,0.2635613584254767,0.683500869230169,-0.15885420900043495,0.9743983740034777
2008-08-01,0.13241921365261078,0.4316234158213589,0.05811035373155724,0.39106415650240595,0.16637348383665085,-0.28280102639731236,-0.08673622613704013,1.7881076867526342,-0.5261155978410768,0.7435491556996408
2008-09-01,0.03850734978914261,0.43589685671438255,0.052924722017102736,0.87881122780438,-0.09391186386346817,-1.025647813684951,-0.3079161976090025,1.7945920531249178,0.15576808150489094,-0.6519502107266926
2008-10-01,-0.035084132105112076,0.4435808392054072,0.027309729329588712,0.9454888076385976,-0.07359148189425468,-1.0463900188624409,-0.4776547919328322,1.3388049570748026,-0.27077176569940803,-0.15469408723017325
2008-11-01,-0.19387222826480865,0.4371693316779445,0.012941284298716016,0.868548856060389,-0.15878809615969658,-1.0402782365188015,-0.7923081050051831,0.9708817940066651,0.17327269119404154,-0.7597432203774721
2008-12-01,-0.37796464562416077,0.4345804481934484,-0.03432930721743915,0.8620419162850433,-0.1840924173593521,-1.0118050264269565,-0.6806897699102182,-0.25881359688377886,0.6597716996674906,-1.1104971979833917
2009-01-01,-0.28212302923202515,0.433855073149627,-0.017654197552732648,0.9954435091957107,0.09584161639213562,-0.8819476952508424,-0.23545925972410783,-0.2625810608049049,0.6473814592029835,-0.4451361511691172
2009-02-01,-0.422883003950119,0.4182017997197313,-0.018385843081038834,1.292796883305089,-0.14075997471809387,-1.415171014942144,-0.3465793521667168,-0.42118557543231716,0.5438192941220118,-0.8554756973776684
2009-03-01,-0.3913913071155548,0.4217515839736047,-0.017821158940206725,1.9925900941945263,0.03149169683456421,-1.9432772384197554,-0.04538055014213167,-0.47644670742007544,0.8415052004030968,-0.5881592821517101
2009-04-01,0.013575627468526363,0.4408326671754701,0.0005691863593978939,1.7500606429899068,0.4049669345840812,-1.3456628947652236,0.5981580447375144,0.053602736332549986,-0.0016519828236950039,1.2258109727206998
2009-05-01,0.27656641602516174,0.44440370093867637,-0.0045955401597640175,0.9647270464362254,0.2629907885566354,-0.697140717719826,0.6830483857346227,-0.002085590005624017,-0.5847403339186242,1.3172086886545413
2009-06-01,0.47542205452919006,0.45684899734623524,-0.008520507161629895,0.3713928776506287,0.19885563850402832,-0.16401673198497052,1.0056707682319983,0.001871311094091172,-0.2939752938763209,0.864441825172458
2009-07-01,0.5497645735740662,0.45726904204195956,-0.0008823307623832388,-0.051440547143334334,0.0743425190448761,0.12666539695059367,0.878636105793048,0.27684444343758435,-1.2123298489914551,1.2634632036212172
2009-08-01,0.6334998607635498,0.47628575914021076,0.013987269638355034,0.5547977932729481,0.08373528718948364,-0.4850497757218195,1.3515442685322145,0.7350904548824129,0.036453652317119875,0.1286736800233454
2009-09-01,0.5759325623512268,0.4916566623723104,0.013674322212000012,0.5158061832773088,-0.057567298412323,-0.5870478039016318,1.4877406108973816,0.8578636216928905,-1.0914739619209615,0.6814789973542872
2009-10-01,0.6708911657333374,0.5050966524604104,0.003941719656046722,1.0285292426861632,0.0949586033821106,-0.9375123589600993,1.503365184711373,0.7811169040644559,0.014545266273610871,0.17631514346504013
2009-11-01,0.8590700030326843,0.5163469405634414,-0.011664312353183388,0.4612461553197274,0.18817883729934692,-0.2614030056671971,1.7574822107773072,0.38365817155616366,-1.2261708163376188,1.6081887429196347
2009-12-01,0.9530189037322998,0.5162663992427519,-0.02983395426484883,0.20039464159543482,0.09394890069961548,-0.07661178663097051,1.9498777586218008,-0.15152997834938048,-1.613569432509176,1.732671870252397
2010-01-01,0.8762120008468628,0.48636678279789225,0.015870716377309833,0.13514019584291834,-0.07680690288543701,-0.22781781510566518,1.45559772735869,0.5375060770463582,-2.308518131421433,1.5435457198025666
2010-02-01,0.739281177520752,0.47333945071806566,0.026136469409546205,0.405551485449207,-0.13693082332611084,-0.5686187781848641,1.4290419444281537,0.6413594215643862,-2.504650085921073,1.718207507089449
2010-03-01,0.609232485294342,0.45789562968632236,0.022112081717968187,0.9476572009085571,-0.1300486922264099,-1.099817974852935,1.118581572846002,0.4765780278557884,-2.748759609175017,1.9761206831453768
2010-04-01,0.4765969514846802,0.44361930570499386,0.0032743583392120393,1.101743750174435,-0.13263553380966187,-1.2376536423233089,0.6878973540723224,0.11816288140082375,-2.22919151257358,1.5541800760870956
2010-05-01,0.21774466335773468,0.4186021233940654,-0.030199464276901126,0.7580723846939602,-0.2588522881269455,-0.9867252085440045,-0.14785082278151906,-0.6131347460866401,-1.294781107403466,0.436815597776631
2010-06-01,-0.07911268621683121,0.40543057558852375,-0.07328286327098846,0.580783540764174,-0.2968573495745659,-0.8043580270677515,-0.6501786025191726,-1.543711423231971,0.4254660540428988,-1.0823200693965997
2010-07-01,-0.4246108829975128,0.4053523524362475,-0.08883212964563945,0.40554285225417,-0.3454981967806816,-0.6622089193892121,-0.7932591970263028,-1.822117033687661,0.3578106145351615,-1.1348679214329842
2010-08-01,-0.7228242754936218,0.4013912678148215,-0.09556011945345273,0.7109194597342785,-0.298213392496109,-0.9135727327769347,-1.0603149853017644,-1.879307219051663,0.5728690802458567,-1.1741193307492999
2010-09-01,-0.8338587284088135,0.4020485414627884,-0.09813234759392205,1.0434548133289312,-0.11103445291519165,-1.0563569186502009,-1.3979479332083875,-1.8104528018591644,0.7214638070674214,-0.7453118536845178
2010-10-01,-0.9537769556045532,0.42132037896734226,-0.08696954977612063,1.2088879546653932,-0.11991822719573975,-1.2418366320850123,-1.194517889200169,-1.3885213986673668,0.634236292252876,-0.7488897481473578
2010-11-01,-0.9630078077316284,0.42679784756281836,-0.07158584520674521,0.8608791869538709,-0.009230852127075195,-0.7985241938742009,-1.1263054323971255,-1.0463961401867319,0.14692062277781212,-0.024763980880370746
2010-12-01,-0.9135145545005798,0.42461866919092756,-0.06324115455699066,0.7702666043858648,0.049493253231048584,-0.6575321965978256,-1.0014931887824137,-0.9488078273287757,0.34444267249569316,-0.03343899372789334
2011-01-01,-0.7407121062278748,0.43198107716416856,-0.04656117955424362,1.2141617346668978,0.17280244827270508,-0.9947981068399491,-0.29580835188281884,-0.9524591777709633,1.3988711990399625,-0.7882233185205625
2011-02-01,-0.45031994581222534,0.4460457598970299,-0.00865961616538381,1.2150949781583424,0.2903921604156494,-0.9160432015773092,0.5500915755419077,-0.18906479888753788,0.27684481425061025,0.6619697883966342
2011-03-01,-0.3886509835720062,0.45036441848030295,-0.00466386797756996,1.4311989810914978,0.061668962240219116,-1.3648661508737088,0.8760507655947833,-0.16244204539053747,-1.087367716445633,1.1703227543462202
2011-04-01,-0.17330588400363922,0.45497791462761894,0.0003654305705854771,1.3927417233894743,0.215345099568367,-1.177762054391693,1.0536834827435435,0.04874001285973997,-1.2293571790910867,1.7362621346484275
2011-05-01,-0.14153020083904266,0.45403897789980285,-0.00014113754371764266,0.672883009523021,0.03177568316459656,-0.6409661888147068,0.9933373200833661,0.10422073034307694,-1.5874816413720787,1.4879901659036647
2011-06-01,-0.0673002228140831,0.4454013322817268,0.0026072866970856825,0.1273171413709285,0.07422997802495956,-0.05569445004305462,0.6370167266327226,0.26744111263324544,-1.1325904168831318,1.1937625990107692
2011-07-01,-0.15065468847751617,0.4373861815399265,0.005731530698564655,0.01668133978726749,-0.08335446566343307,-0.10576733614926521,0.23833986709942936,0.43468721963312845,-0.9782711692614205,0.5568225553855776
2011-08-01,-0.31477028131484985,0.4312833213438483,-0.006693536930386996,0.3212854981867685,-0.16411559283733368,-0.4787075540937152,-0.09768843367922157,0.24153371166247742,-0.7658667464745488,0.1479552654642923
2011-09-01,-0.4599515199661255,0.4380555047491586,-0.026434519659232977,0.623992470510464,-0.14518123865127563,-0.7427391895025067,-0.2384003340747214,-0.09935191545205577,-0.7197587805654748,0.20814694907328718
2011-10-01,-0.6744086742401123,0.4443410547132403,-0.06742885462357816,1.1561107039299707,-0.21445715427398682,-1.3031390035803794,-0.4531732476292683,-0.9221739267888028,0.4528999525901419,-0.9352608627237948
2011-11-01,-0.6743959188461304,0.4457853661561434,-0.05182128995979954,0.7798678796621741,1.2755393981933594e-05,-0.7280338343083926,-0.5148422711388141,-0.5747061465470706,-0.1314245682063325,0.18954040178395004
2011-12-01,-0.5857194066047668,0.43802943644109354,-0.039953053037870674,0.6888028010129015,0.08867651224136353,-0.5601732357336673,-0.5696205300470767,-0.3930268183363763,0.06454275893799225,0.2625511549016452
2012-01-01,-0.3415764272212982,0.43974032346357045,-0.009940431789958699,1.038552147579435,0.24414297938346863,-0.7844687364060077,-0.04593403324056946,-0.07848857412256689,0.7954975998397366,-0.14878118537410773
2012-02-01,-0.1904260814189911,0.4305283143699775,0.010498828234853541,1.134106657484696,0.15115034580230713,-0.9934551399172424,0.05037665755569627,0.2681600869944894,-0.0014213974551443788,0.42662246205337667
2012-03-01,-0.1893688142299652,0.43388142386467793,0.005378650665169985,1.5623886011310588,0.001057267189025879,-1.566709984607203,0.3452418584099901,0.07722717537030978,-0.6366158267919321,0.5566783007032594
2012-04-01,0.02025539055466652,0.4423613889571082,-0.006479980297859389,1.7712168032765865,0.20962420478463173,-1.5551126181940953,0.6473881244180409,-0.11462879400964854,0.07103806097825936,0.5890431373015532
2012-05-01,0.08276481926441193,0.44636647924158884,-0.008142375349360716,0.7788047409068255,0.06250942870974541,-0.7081529368477194,0.7462565727364775,-0.08673240583925287,-1.2235472038590807,1.2837294038771072
2012-06-01,0.21398018300533295,0.4537413307639002,-0.00392043304113363,0.34219571291285567,0.13121536374092102,-0.20705991613080102,0.9055932555632603,0.1116541473648019,-0.3942932700554799,0.7335821861651235
2012-07-01,0.2390008270740509,0.4587803385318545,0.0037528795378450014,0.07980991399964318,0.025020644068717957,-0.058542149468770226,0.9273050313700121,0.38746582042865146,-0.7613689165619206,0.7003962942643307
2012-08-01,0.27299946546554565,0.4652791405542733,0.011000377468765279,0.350635523523997,0.03399863839149475,-0.3276372626012675,0.9970934348309761,0.6638069308732466,-0.6650235595048,0.607238290215831
2012-09-01,0.24679987132549286,0.4663074731428135,0.007567528835021227,0.6623739434744638,-0.026199594140052795,-0.6961410664495378,0.6714098562798559,0.7121222532099851,-0.5878846165805632,0.349814292745434
2012-10-01,0.12693534791469574,0.47843806363949726,-0.008010763417703555,1.0807357708370913,-0.11986452341079712,-1.1925895308301848,0.6448672764669829,0.4958655237731297,0.19392067119660472,-0.5991689962965997
2012-11-01,0.135269433259964,0.47611830172082187,-0.01030819717216652,0.6518417958888275,0.00833408534526825,-0.6331995133713928,0.4619821927562857,0.4160224698222401,-0.5713069245116316,0.4778551547370871
2012-12-01,-0.08644630014896393,0.4702978522830012,-0.03423752028779343,0.466948025058936,-0.22171573340892792,-0.6544262381800704,0.469533030883573,-0.2566230605565075,-0.6977237943136473,-0.02399627694508752
2013-01-01,-0.1342545598745346,0.4525116059500748,-0.05498310541867852,0.7629931250882411,-0.04780825972557068,-0.7558182793951332,0.36534502484899684,-1.1534522235437943,-0.15129034010228354,-0.06167823199742635
2013-02-01,-0.12075395882129669,0.44436013161253457,-0.036833571103950725,1.2738111605587537,0.013500601053237915,-1.223476988401565,0.49580856881420055,-0.8614488955562657,0.47858661487672394,-0.27268862874504973
2013-03-01,-0.04638929292559624,0.4324397113858833,-0.00500274634803132,1.7757588692202466,0.07436466589570045,-1.6963914569765148,0.29881377642674234,-0.17052953000177046,0.09649896924235332,0.1624214399028804
2013-04-01,-0.07856856286525726,0.4344890763250582,-0.013368602956211202,1.5229904571620516,-0.032179269939661026,-1.5418011241455014,0.39387268243189066,-0.27902886966559454,-0.7818380624468985,0.6295126643687328
2013-05-01,-0.258087694644928,0.4286160784380888,-0.032254900994144194,1.0262499965278638,-0.17951913177967072,-1.1735142273133903,0.17463284341326946,-0.662188667106843,-0.37335481422191585,-0.13105929465424926
2013-06-01,-0.2905788719654083,0.4401659197654452,-0.024057383698839536,0.47405136383832397,-0.03249117732048035,-0.48248515745996473,0.4684185039654255,-0.36892323011619715,0.05874702229578128,-0.10376403645009355
2013-07-01,-0.24014122784137726,0.4444565789901576,-0.02796626731410921,0.3382866600957031,0.05043764412403107,-0.2598827486575628,0.46603089239174245,-0.3695258745484396,0.12672635880517713,0.08828177136795617
2013-08-01,-0.22771525382995605,0.456010978091668,-0.04101062985071819,0.5908226984481696,0.012425974011421204,-0.5373860945860301,0.6986268452876494,-0.5774591338165098,0.16023093040840275,-0.030438893301618013
2013-09-01,-0.07538742572069168,0.47668027136764596,-0.025273452106932652,0.7593721139253421,0.15232782810926437,-0.5817708337091451,1.0054495025072652,-0.07164251650444266,-0.25461047026852635,0.6975220115537414
2013-10-01,-0.018805185332894325,0.4924556290752768,-0.015156909777717699,1.0673116599653771,0.056582240387797356,-0.9955725097998621,1.0962809160312472,0.3253195292396042,0.14779702711164405,-0.00019899066271413386
2013-11-01,0.033902041614055634,0.49544927765700386,-0.009979019132657984,0.7780230697711717,0.05270722694694996,-0.7153368236915638,1.084505857344112,0.4238784516757195,-0.13776311499204907,0.22814177988277412
2013-12-01,0.0766877606511116,0.4837705928812099,-0.01845827517679303,0.6512854745496941,0.04278571903705597,-0.5900414803358451,0.9034014437835048,0.11995571559362253,-0.06436230072256559,0.17174589074689342
2014-01-01,-0.0123822633177042,0.4747936233937139,-0.029484123574244493,0.7124102742024919,-0.0890700239688158,-0.7719961745970633,1.0829023380036542,-0.5449075619644442,-0.3250869835710829,-0.1108621752403457
2014-02-01,-0.17590206861495972,0.47456628098932363,-0.0384486955286847,1.1138219269282372,-0.16351980529725552,-1.238893036696808,1.4685500830142304,-0.8999945658286974,-0.07111731262497836,-0.319556409437119
2014-03-01,0.07747770845890045,0.49060879941525587,0.003400571582118592,1.637059889167773,0.25337977707386017,-1.3870806836760314,2.1720577329307273,0.030019429056491437,-0.3800541858993456,1.102786260452561
2014-04-01,0.2836289405822754,0.4894251514548959,0.003181822689050887,1.2862536043672932,0.20615123212337494,-1.0832841949329692,2.163002545342127,0.11595447652195855,-1.5952376569859212,2.0234931754809837
2014-05-01,0.580317497253418,0.48886499117728444,-0.00025134697649467353,0.6192791087177328,0.2966885566711426,-0.3223392050700956,2.114854282292367,0.10159053269905649,-1.7716582520940778,2.4566780754586697
2014-06-01,0.6506290435791016,0.4744672505647323,0.01103597906777381,0.04358178059987171,0.0703115463256836,0.015693786658038077,1.573038892501739,0.46859564411884186,-1.4202951307698428,1.4107967025386343
2014-07-01,0.36959561705589294,0.4734768139601904,0.016782390893072933,0.09310274278686566,-0.2810334265232086,-0.3909185602031472,1.4005818990447845,0.6984209647001177,-0.7156963420634445,-0.3100925435478078
2014-08-01,0.31433576345443726,0.48492123793285224,8.055017794467872e-05,0.6463840856378656,-0.05525985360145569,-0.7017244894172661,1.629636275951442,0.403200344942134,0.35113323091041,-0.5300595289358317
2014-09-01,0.39833635091781616,0.5022424953426352,0.002344994124713211,0.7692170377409473,0.0840005874633789,-0.6875614444022816,1.8286407059136283,0.5874841152145054,-0.2207844860782941,0.37589800997507733
2014-10-01,0.5049533247947693,0.5117272315648184,0.00888220294084719,1.0497810625764383,0.10661697387695312,-0.9520462916403324,1.7168925521884435,0.8990237580294351,0.0875639850657907,0.13212916555391402
2014-11-01,0.6810441017150879,0.5198284748661036,0.006056939658934699,0.8122792263501816,0.1760907769203186,-0.6422453890887977,1.8695995451341751,0.8065838151865493,-0.020063046148146628,0.4503539358013713
2014-12-01,0.6713851690292358,0.5143235818577956,0.0010158374885971253,0.41161219869780713,-0.00965893268585205,-0.4222869688722563,1.887312381576135,0.5847141664925091,-0.887851094707583,0.6817521843705837
2015-01-01,0.5855821371078491,0.5000030800301858,-0.013832561635613663,0.703497204084477,-0.08580303192138672,-0.7754676743702501,1.8947332243186448,-0.17137600210683354,-0.35571122958307394,-0.12141620873364334
2015-02-01,0.42015236616134644,0.4891155094248197,-0.01867614578710753,1.0155768347494731,-0.16542977094650269,-1.1623304599088682,1.9370850929636183,-0.42811377998173555,-0.4086757332944322,-0.08679130716222937
2015-03-01,0.4273005723953247,0.5009450533300092,-0.0011092394739991446,1.185489221399911,0.0071482062339782715,-1.1772317756919337,2.504920527151005,-0.07760923861641167,-1.9315971490329131,1.7407676944432537
2015-04-01,0.752396821975708,0.5098351812404399,-0.005517263846488997,1.5650886380911875,0.3250962495803833,-1.234475124664315,2.8202754413609,-0.09165313322953193,-0.6371937331236707,1.5638433870546384
2015-05-01,0.8850520253181458,0.5126710443009662,-0.026102772334223843,0.46631278637581686,0.13265520334243774,-0.30755481069915525,2.8814907665988017,-0.5153653517217597,-2.2972322939138765,2.501625505550473
2015-06-01,1.0814564228057861,0.5017718550431414,-0.021623394856915668,-0.16156151470116914,0.19640439748764038,0.3795893070457252,2.452340718552098,-0.3108349925099653,-2.1251430293981555,2.5171097548673074
2015-07-01,1.1637293100357056,0.5063204232679825,-0.022774844132904787,0.09341793415870824,0.08227288722991943,0.011629797204115985,2.4582586605324823,-0.2456302271772941,-0.7146133820974215,0.9137326398967746
2015-08-01,1.1771599054336548,0.5107852475038068,-0.03314179601838544,0.18227545669452805,0.013430595397949219,-0.1357030652781934,2.462546009645173,-0.38966587796279323,-1.2434886716281666,1.1907555246696153
2015-09-01,1.3691366910934448,0.5339458528229437,-0.016285951362791762,0.3494551003311531,0.19197678565979004,-0.14119236330857132,2.8495974513741236,0.14284822795566313,-1.66303644499933,2.0369661241382313
2015-10-01,1.4149826765060425,0.5665367954952218,-0.018018599247090948,0.557908838785649,0.045845985412597656,-0.4940442541259604,3.4819483209741406,0.25702402394024004,-1.6024503184668186,1.5245443059091865
2015-11-01,1.7205660343170166,0.5653238303896853,-0.023534959672863415,0.4955220269461773,0.3055833578109741,-0.16640370946233976,3.334705887191928,0.10035983831470005,-1.1084030089417978,1.8970050527260898
2015-12-01,1.7347943782806396,0.5475626536013387,0.025214813899825512,-0.03364568539609258,0.014228343963623047,0.022659215459890112,2.9577243885849738,1.1622336141543816,-2.4177040859580443,2.034474995539185
2016-01-01,1.655191421508789,0.511258256380697,0.03381897244664628,0.06667652134444356,-0.07960295677185059,-0.18009845056294044,2.2571884697461724,0.9658492745233983,-2.543751152475365,1.688621855354338
2016-02-01,1.339740514755249,0.46504384483575534,0.11170374047057241,0.267443847733297,-0.31545090675354004,-0.6945984949574094,1.1618950093287086,2.6834608014462265,-2.9791714593138967,1.3352047022028948
2016-03-01,1.190193772315979,0.4389479125643225,0.1035975982627349,1.2477322178768544,-0.14954674243927002,-1.5008765585788593,0.5084001553479186,2.421266501767451,-1.7177376358242435,0.7568247010136472
2016-04-01,0.6742832064628601,0.4100155348471205,0.020720937400456448,1.5598671521926164,-0.5159105658531189,-2.096498655446192,-0.3942592140944376,0.5345333316139118,-0.6551341359914534,-1.056875555850784
2016-05-01,0.38316264748573303,0.4115432299589834,-0.026277831001143625,1.497865303650328,-0.2911205589771271,-1.7627080316263115,-0.3751713793664183,-0.5195432054834181,1.2470591393435877,-1.9223228841815976
2016-06-01,0.3403961658477783,0.42230523867986325,-0.030243420512234255,0.7881094567385204,-0.04276648163795471,-0.8006325178642408,-0.10675662832678248,-0.5165557788230942,1.1378131770198527,-1.0709937979052018
2016-07-01,0.04227833077311516,0.4246587989870231,-0.05769820399962458,0.6481313932610283,-0.29811783507466316,-0.8885510243360669,-0.1715254627008547,-1.0790919058029402,1.1913159119375123,-1.8229918772527065
2016-08-01,-0.011696823872625828,0.43877350131264603,-0.061158106370524046,1.0266467429043398,-0.053975154645740986,-1.0194637911795568,0.14352102713599088,-1.0582877157271025,1.6576703736806453,-1.4960487128722528
2016-09-01,0.07020681351423264,0.4618724612501783,-0.044442701150490156,1.0910394712945726,0.08190363738685846,-0.9646931327572239,0.5285872763434613,-0.5291252600551747,0.8849590172072926,-0.46663614299914763
2016-10-01,-0.13664337992668152,0.4700467971600103,-0.06586129643232123,1.252142385056269,-0.20685019344091415,-1.3931312820648618,0.3746397423482405,-0.8847634460557218,0.7828533568400153,-1.2088548662721508
2016-11-01,-0.20172908902168274,0.48131588439444956,-0.03691074633034849,0.8763960982799635,-0.06508570909500122,-0.9045710610446162,0.6293621648625444,-0.21885932166966648,0.20023487965054315,-0.3471670519162656
2016-12-01,-0.08459342271089554,0.48614301728758813,-0.02064512354225398,0.7092342248104274,0.1171356663107872,-0.5714534349573862,0.9798016390086137,0.06776559652911264,0.1347426945904717,0.22825715858981188
2017-01-01,0.23365724086761475,0.47943909755916314,-0.015410805486404324,0.9022913984859855,0.3182506635785103,-0.5686299294210709,1.2325025242938201,-0.20904150090708226,0.3273219155060241,0.5074107048478096
2017-02-01,0.3960432708263397,0.47560441991188557,0.01002389829013027,1.2324184116652026,0.16238602995872498,-1.0800562799966078,1.501981713603294,0.2568256704186131,0.3363660659026292,0.1633381778328022
2017-03-01,0.43335089087486267,0.467796808944763,0.012898655999293527,1.5311274918548754,0.03730762004852295,-1.506718527805646,1.4374334723079814,0.25669548234226186,-0.7440252702727599,0.7390639800242513
2017-04-01,0.43422725796699524,0.46391637457838897,0.014200464734719217,1.638569756163437,0.0008763670921325684,-1.6518938538060235,1.3415325216485028,0.37891932098726366,-0.38472137429722475,0.2948093856359595
2017-05-01,0.38201087713241577,0.4652596563840807,0.000779437392477548,0.8445599048720518,-0.05221638083457947,-0.8975557230991088,1.3546816160079318,0.12619066492411662,-0.9976203019984242,0.7079081506940744
2017-06-01,0.3511448800563812,0.4588420042267361,-0.006732474201793044,0.3776697461125422,-0.030865997076034546,-0.4018032689867837,1.069852419013319,0.04454352126604959,-0.27240872237880426,0.14152457333908783
2017-07-01,0.30330586433410645,0.4531816008550032,-0.011802819587415954,0.06380684504675407,-0.04783901572227478,-0.0998430411816129,0.7470064935638656,0.016222069695190175,-0.8163535530643969,0.5748335626152795
2017-08-01,0.14121752977371216,0.44650679360065815,-0.04255078970909282,0.4586776428976568,-0.1620883345603943,-0.5782151877489583,0.3925595376775807,-0.6142157410218785,-0.2938037217220391,-0.15456726573326496
2017-09-01,-0.10662517696619034,0.4490318762695433,-0.08680806169810998,0.6694886695635369,-0.2478427067399025,-0.8305233146053295,0.11507644047124539,-1.5401936295464074,-0.5634392661934585,-0.05873383936027109
2017-10-01,-0.1525423675775528,0.4590918194022926,-0.08083541948556824,1.0543438198677608,-0.04591719061136246,-1.019425590993555,0.021851920267929287,-1.2421276224561544,0.10324107499466323,-0.07271698988052193
2017-11-01,-0.37561163306236267,0.4720973065211267,-0.0751891166777972,0.6943368012780811,-0.22306926548480988,-0.8422169500850938,0.3324923690004608,-1.132389833241127,-0.4252991536660874,-0.15759844511567447
2017-12-01,-0.4974480867385864,0.4744688695600131,-0.06311891559953928,0.6529762297388696,-0.12183645367622375,-0.711693767815554,0.6038540795940309,-0.9458905396720413,-0.05855306752078608,-0.19810068868078742
2018-01-01,-0.38049373030662537,0.48206056106802775,-0.061732346651873445,0.7885567905442541,0.11695435643196106,-0.6098700874604196,1.3169226319753558,-1.3145258988469726,-0.06345663414827521,0.3820326153609668
2018-02-01,-0.3171459436416626,0.4725866438342238,-0.035353329335543096,1.0480666762889386,0.06334778666496277,-0.9493655602884327,1.4047989832034682,-0.8261222604966048,-0.29704451228741113,0.5606633465442622
2018-03-01,-0.30000075697898865,0.4756806543594687,-0.04227726087981192,1.370610803469506,0.01714518666267395,-1.31118835592702,1.691320309413831,-1.0601025713751198,-1.2955414694113885,1.3335136754833554
2018-04-01,-0.06529936194419861,0.4802034270263771,-0.008893789230067476,1.429534520179446,0.23470139503479004,-1.1859393359145884,1.8660314196207604,-0.17223542900117156,-1.1029415169851726,1.7114016107494048
2018-05-01,0.08133259415626526,0.5028419459047075,0.0019788902272291015,0.7936269034088627,0.14663195610046387,-0.6489738375356279,2.564960117891068,0.1548161458887068,-1.1726200210946762,1.4636453586661922
2018-06-01,0.23785006999969482,0.5092246843158162,-0.004898787520272869,0.25216910206885434,0.15651747584342957,-0.09075283870515191,2.6923473589664115,0.08830527802387218,-0.7036139689401548,1.087178288961642
2018-07-01,0.2615564167499542,0.5091015190750803,-0.00593287355024774,0.13495898814347976,0.0237063467502594,-0.10531976784297262,2.5478194752125023,0.15631096996856753,-0.5718832745157728,0.5581832499567352
2018-08-01,0.25153833627700806,0.516976505255485,-0.023369485526871243,0.4756686609522805,-0.010018080472946167,-0.46231725589835543,2.6619257241875993,-0.15644529616905628,-0.23542460992224692,0.19778495505697335
2018-09-01,0.42713800072669983,0.5309544186137811,-0.0012178795497751532,0.6071314029349438,0.17559966444969177,-0.4303138589354769,2.753263019402911,0.5024545337308521,-0.7776913980160979,1.1579806285760388
2018-10-01,0.7759690880775452,0.5624044605710076,0.0005348654803223992,0.7412142866068162,0.34883108735084534,-0.39291806473629326,3.348872976572558,0.6998107980377597,-0.9726346595427906,1.8319875608711005
2018-11-01,0.8422926068305969,0.5655826712173693,0.004243670920578513,0.342138153575956,0.06632351875305176,-0.2800583057434828,3.3430414487862707,0.763309341818655,-1.6354117063004932,1.5514730077341203
2018-12-01,0.8287952542304993,0.5525282310586361,0.011846661484493827,0.29953168831749083,-0.013497352600097656,-0.3248757024020823,3.1176329977372763,0.8431966487900195,-1.2729463623975426,0.9779013522004232
2019-01-01,0.6603143215179443,0.5202955243407069,0.015487612083519738,0.5465989021054396,-0.16848093271255493,-0.7305674469015143,2.5482194651237746,0.5283631208986805,-0.8947950845342616,0.015089202622526774
2019-02-01,0.5131552815437317,0.510508603640343,0.019786674657173525,0.6635143255688192,-0.14715903997421265,-0.8304600402002054,2.626016032192264,0.4898187160469838,-1.6183205302040387,0.9221592196657223
2019-03-01,0.49839961528778076,0.49536363398193406,0.009088100697334288,1.3114433909386483,-0.014755666255950928,-1.3352871578919334,2.325179698874367,0.16575486750487545,-1.4988336429550098,1.2602486374008213
2019-04-01,0.4916870594024658,0.47784073759234175,0.010621587694433079,1.012506182621776,-0.006712555885314941,-1.029840326201524,1.7899447238629096,0.29350781198654513,-2.5358011528052615,2.1859729154941245
2019-05-01,0.5472806692123413,0.4712368320080471,0.005423022346237648,0.938231604412803,0.05559360980987549,-0.8880610169491651,1.5471671524651007,0.23701190678549433,-0.6757755130407705,0.736773901309848
2019-06-01,0.4390099346637726,0.46747773017304034,-0.005623648415492334,0.26585997254110316,-0.10827073454856873,-0.36850705867417954,1.3479523856273832,0.07100614698936301,-0.6565737706797341,0.24275151898181013
2019-07-01,0.3281486928462982,0.46877797163466245,-0.019879463993192563,0.31765807796461615,-0.11086124181747437,-0.40863985578889794,1.2492630751289653,-0.17653067888888457,0.055849010630374715,-0.36396872369370087
2019-08-01,0.1297539621591568,0.46770719673982164,-0.041546601026065375,0.4747797434581105,-0.19839473068714142,-0.6316278731191866,1.0752851639729888,-0.5902503267946378,-0.23847882442582213,-0.31695220227234006
2019-09-01,0.08269292116165161,0.4899881234745903,-0.02954791109190179,0.8943747992358234,-0.04706104099750519,-0.9118879291414268,1.4340079409822584,-0.1736544012264459,0.20924265693523328,-0.3060980689695717
2019-10-01,0.3592396378517151,0.5121138189925216,-0.012751938124782163,0.856097832778063,0.2765467166900635,-0.5667991779632173,1.7293419920393807,0.3827152585895998,-0.5779084951466144,1.3033552080698296
2019-11-01,0.44608625769615173,0.5256959665950396,-0.0017193791571817243,0.4757740040603352,0.08684661984443665,-0.38720800505871683,2.0585528843289786,0.6209984717733313,-1.1762548605595826,1.2257171128023974
2019-12-01,0.4940280616283417,0.5261928128572169,-0.0071594520004714494,0.5068344113299627,0.04794180393218994,-0.45173315539730124,2.2695422908157052,0.3896072086621745,-0.5606789276717509,0.5922300587361287
2020-01-01,0.5603090524673462,0.5082652859641041,-0.009628540974307969,0.7044623113526962,0.06628099083900452,-0.6285527795393837,2.1608045666317426,-0.07104515963575236,-0.3523952361017517,0.3252336031676447
2020-02-01,0.5261765122413635,0.4973231433018388,-0.02585160502195211,0.9116991451539886,-0.034132540225982666,-0.9199800803580191,2.2013990280481748,-0.5993593394470075,-0.7655870869816024,0.65000091234151
2020-03-01,0.5215660929679871,0.47377883485708516,-0.03386517155253455,1.429792006041058,-0.004610419273376465,-1.4005372537618999,1.630075204670183,-0.8593442789823322,-1.0922019149324498,1.0618756740575668
2020-04-01,0.4887036085128784,0.46650373604291506,-0.015281451665553456,1.345352888224429,-0.03286248445510864,-1.3629339210139841,1.424854426648413,-0.3246798637947296,-1.3921795654406355,1.173303698803839
2020-05-01,0.11773572117090225,0.46502945073526564,-0.04529588580111178,0.9075007754024513,-0.37096788734197617,-1.2331727769433156,1.3472682052943565,-0.973417630460524,-0.7813629767659007,-0.31243287152122506
2020-06-01,0.026105297729372978,0.4655446658440731,-0.05610779430390734,0.4281070064207652,-0.09163042344152927,-0.4636296355583872,1.2857010904043464,-1.1338206834393227,-0.09911231077222034,-0.04643958803160128
2020-07-01,0.01114722341299057,0.47297791621559415,-0.0581662662973859,0.24310139046369728,-0.014958074316382408,-0.19989319848269377,1.3845156821478215,-1.0902624228975821,-0.2003188764877173,0.27066165417354027
2020-08-01,-0.14376837015151978,0.45865311501389533,-0.07912179543978132,0.6997038133622939,-0.15491559356451035,-0.7754976114870229,0.7837127077188973,-1.486999228683218,0.5343334568151674,-0.7543441471412338
2020-09-01,-0.3927549719810486,0.47083413940928864,-0.08793090819998577,0.6622160988937066,-0.2489866018295288,-0.8232717925232497,0.8171840211163965,-1.5669908659481702,-0.5884269517365492,-0.0366878039484927
2020-10-01,-0.49051105976104736,0.47148849904774165,-0.08509387656982247,0.7501852553950503,-0.09775608777999878,-0.7628474666052266,0.42106748326295856,-1.3437576146259531,-0.941811480604537,0.7073303370291449
2020-11-01,-0.6226714253425598,0.48957151954641864,-0.06830696306302976,0.6534770523988961,-0.13216036558151245,-0.7173304549173788,0.8952219054814615,-0.9681441442176676,-0.5656883781528599,0.22208075378303171
2020-12-01,-0.5077751874923706,0.49046312747149123,-0.03686269695942218,0.803991916089532,0.11489623785018921,-0.6522329812799206,1.1189239902021104,-0.31927408164310195,0.4603188216529504,-0.017328350027051808
2021-01-01,-0.3779181241989136,0.47809308482369983,-0.02503772272872995,0.8530183780845862,0.12985706329345703,-0.6981235920623993,1.1891563019701892,-0.43879220746567543,0.15802569337977249,0.11372482209409927
2021-02-01,-0.41552770137786865,0.47176505222664544,-0.025011285260311312,1.5142395364988732,-0.03760957717895508,-1.526837828417517,1.378340918177017,-0.5793047306753336,1.3046698427166903,-1.194964496602625
2021-03-01,-0.2906641364097595,0.47815307610943325,-0.011266967366821852,1.8272438420842487,0.12486356496810913,-1.6911133097493178,1.7709407617529052,-0.32002797990832,0.27339519624735775,0.17846803251643986
2021-04-01,-0.27832937240600586,0.47885372444241164,0.013427341590633681,1.6411147782295556,0.012334764003753662,-1.6422073558164356,1.8225663715317413,0.36046838969333855,-0.3759769819804588,0.32425822069119614
2021-05-01,-0.13721953332424164,0.49320941832703813,0.0034858976330507784,0.5569958474822142,0.14110983908176422,-0.4193719060335008,2.254759723110668,0.19078155491438165,-1.9856561102115047,2.1616798202887426
2021-06-01,0.007989821955561638,0.48183729759477123,-0.006612447516701743,0.3725639617559082,0.14520935527980328,-0.22074215895940322,1.8103796610418819,0.04740801204866178,-0.28995158854628816,0.6919855108054309
2021-07-01,0.02377910539507866,0.4766970295751371,-0.024603196339045952,0.22647239624644597,0.01578928343951702,-0.186079916467883,1.5042838762236708,-0.28926467428275376,-0.2574541175548548,0.31265671410777945
2021-08-01,-0.04425307735800743,0.48106973395967517,-0.054435306541553645,0.5912667844836739,-0.06803218275308609,-0.6048636606952064,1.5056046504674407,-0.8978450764191518,0.16175675706764614,-0.23558379875805374
2021-09-01,-0.17186780273914337,0.4854261492588012,-0.048720718431810556,0.6210803283684618,-0.12761472538113594,-0.6999743353177872,1.2870967391917327,-0.6312220651187855,-0.7297645536826759,0.33816041094575855
2021-10-01,-0.32055026292800903,0.4832704395702406,-0.0820949210293984,1.122767688143965,-0.14868246018886566,-1.1893552273034322,0.8004863400364393,-1.272186192850254,0.338337326615899,-0.5893360854571726
2021-11-01,-0.4102035462856293,0.5004316036466746,-0.08051962461383537,0.6872571555218157,-0.08965328335762024,-0.6963908142656006,1.2449538266292877,-1.2596048007944478,-0.44962397221311207,0.2857413279485338
2021-12-01,-0.620869517326355,0.4995102618265954,-0.07438426633391197,0.7772215056087459,-0.2106659710407257,-0.9135032103155597,1.410272717309897,-1.2147431978701544,0.36833888370221346,-0.8116405862949916
2022-01-01,-0.45216140151023865,0.5053481942610466,-0.05041745727894851,0.8212723974680286,0.16870811581611633,-0.6021468243729637,2.0668642180988384,-1.0444909787759424,0.048950289795952465,0.405512835043577
2022-02-01,-0.4552026391029358,0.49900256679955035,-0.058169593013106785,0.6328934363276764,-0.0030412375926971436,-0.5777650809072667,2.255482219380148,-1.3706426473448743,-1.7235302539928536,1.6904009705551075
2022-03-01,-0.26914122700691223,0.4913306007412695,-0.05278757206153256,1.1997059976337476,0.18606141209602356,-0.9608570134761916,2.195302208949826,-1.3109358713160733,-1.8827500012917031,2.3985889926520354
2022-04-01,-0.465985506772995,0.49049126903429,-0.03350036130983778,1.1440833899838074,-0.19684427976608276,-1.3074273084400525,2.1973351845527374,-0.7594823304761928,-2.0837175593326407,1.3420545806934232
2022-05-01,-0.4905087649822235,0.5006988353582643,-0.0301236368182065,0.7726919711872718,-0.024523258209228516,-0.7670915925782938,2.4959446147217976,-0.6113250897061908,-1.2445499516471743,1.1045444442711936
2022-06-01,-0.32124003767967224,0.5072271411765399,-0.01920016680690232,0.28096642699725316,0.16926872730255127,-0.09249753288779958,2.6280196251085943,-0.25300356603883944,-0.6046697946637672,1.0818740798179607
2022-07-01,-0.3014141619205475,0.49841771825486736,-0.029245591851233307,0.25869470551766965,0.019825875759124756,-0.20962323790731158,2.2037644797336258,-0.40005752958643404,-0.14674210551739206,0.24108044469984574
2022-08-01,-0.40001359581947327,0.4876331261495512,-0.04070433297083181,0.5719637328797047,-0.09859943389892578,-0.6298588338077987,1.7169683690741755,-0.570149221120762,0.09543377371005886,-0.3115739792093416
2022-09-01,-0.5207659006118774,0.4946540432788081,-0.06589759095155842,0.6913902575126756,-0.12075230479240417,-0.7462449713535213,1.5842665468997124,-1.0411558475063862,-0.4881880218380441,0.19748869140564035
2022-10-01,-0.6104869842529297,0.5119775192655129,-0.07772090552716684,0.7006587249897573,-0.08972108364105225,-0.7126589031036428,1.7249526737856162,-1.1677983471006657,-1.1119787328722492,0.8599133169467713
2022-11-01,-0.4667021930217743,0.5252727050689933,-0.050469929661054,0.7299140881392432,0.1437847912311554,-0.5356593672470338,2.04492241284408,-0.5424553256833591,-0.3030598387219271,0.7743961417447296
2022-12-01,-0.4014432728290558,0.5312262304278628,-0.0361762341170087,0.48093961142435004,0.0652589201927185,-0.37950445711462283,2.431635584078483,-0.30289133739582547,-0.6496503721056898,0.8118193286939034
2023-01-01,-0.2337520569562912,0.5361718863740619,-0.025717454504499877,0.7020745783496098,0.1676912158727646,-0.5086659079723453,3.0594927244747567,-0.4550143117823987,-0.36059920195518685,0.68971297536811
2023-02-01,-0.0152279082685709,0.522446472525727,0.0003686663882632657,0.9989358830537456,0.2185241486877203,-0.7807804007542886,3.0104563165541305,0.026399221784768962,-0.46585205883164466,1.0731949716184959
2023-03-01,0.3526292145252228,0.5202340660384082,0.001186586929350438,1.6783262144741862,0.3678571227937937,-1.3116556786097429,3.126092832013195,-0.022818309700311696,-0.23826801329421976,1.33209292377145
2023-04-01,0.6493224501609802,0.5306227301591409,-0.008681985194744437,1.4293640121901405,0.29669323563575745,-1.1239887913596387,3.4897057470728368,-0.16718063050830803,-1.1035273621027768,1.8997432973054587
2023-05-01,0.8081479668617249,0.5280760405205686,-0.0193100063687216,0.5698079589917532,0.15882551670074463,-0.39167243592228695,3.3775844315667873,-0.3532529391209952,-1.941635222952001,2.2458915888039916
2023-06-01,1.0437650680541992,0.5339607575288485,-0.02836701710566202,0.0665002912215202,0.23561710119247437,0.19748382707661621,3.4889336769529518,-0.4717745682239702,-1.3415498613831245,1.9634737299561862
2023-07-01,1.217822790145874,0.5241520875165556,0.010779770616177391,-0.011760129553956984,0.1740577220916748,0.1750380810294544,3.0324993512440295,0.5551657340686211,-1.0759926661772494,1.4105255574407993
2023-08-01,1.3771401643753052,0.5321351613363248,0.02609410559934691,0.2616985720880971,0.15931737422943115,-0.12847530345801286,3.150086392579322,1.0240255361976973,-0.9706003186087778,1.2127293242708572
2023-09-01,1.3845371007919312,0.5325740922294249,0.05011721975164814,0.45781145991300753,0.0073969364166259766,-0.5005317432480297,2.8054220597936,1.7275897498001183,-1.2907369153354111,0.9445046235976866
2023-10-01,1.4470189809799194,0.5511678022284171,0.03853529822189828,0.7636492831416741,0.06248188018798828,-0.7397027011755841,2.987014074453808,1.606708203733153,-0.8955506868976079,0.7776949187657366
2023-11-01,1.5099352598190308,0.5648774031618631,-0.013263254166826693,0.4322548152861111,0.06291627883911133,-0.35607528228017304,3.320329400730348,0.34549870657026927,-1.3257816033785816,1.3203666361813573
2023-12-01,1.4635107517242432,0.5500595438477751,0.014382941291268601,0.33456692928503123,-0.0464245080947876,-0.39537437867108743,3.038132810354092,0.903726106244463,-1.1525694525030756,0.7635716851432381
2024-01-01,1.5431240797042847,0.5185233641944756,0.06536171488626835,0.47364983713669456,0.0796133279800415,-0.4593982240429214,2.4911498359384474,1.7186309989197543,-1.1454393723461835,0.8394963025469009
2024-02-01,1.262103796005249,0.49746035615919215,0.0717841552450128,0.7166166216456381,-0.28102028369903564,-1.0694210605896866,2.2058177522279663,1.73076195920681,-1.4358673735110135,0.19567131024322879
2024-03-01,0.8864490389823914,0.4733207972829048,0.01062644492020576,1.2975802722934682,-0.37565475702285767,-1.6838614742365317,1.6153248252719052,0.20246814375297056,-1.54646566539645,0.2005150208184355
2024-04-01,0.7572276592254639,0.45858085882882793,-0.027845047911883827,1.6196445624072242,-0.1292213797569275,-1.7210208942522678,1.1697106318562784,-0.6245157345987863,-0.4497460831507366,0.08464975785857992
2024-05-01,0.4456525146961212,0.4596930535722987,-0.051175375460462746,1.0492748699301724,-0.31157514452934265,-1.3096746389990523,1.1754179309702157,-1.1137342935664283,-0.29424409500496745,-0.5450133892191091
2024-06-01,0.38512954115867615,0.4674991825246482,-0.03546288910756753,0.29826886975083666,-0.06052297353744507,-0.3233289541807142,1.3486432248576972,-0.6411207426067151,-0.5452206647367892,0.38010173045828133
2024-07-01,0.34550437331199646,0.4692560583169299,-0.043734109059502806,0.16878800848226413,-0.03962516784667969,-0.164679067269441,1.2646591045078397,-0.7458325042534139,-0.45565079485585563,0.3777194518241712
2024-08-01,0.2698970139026642,0.4722649296638305,-0.05480951463140806,0.5359650719646931,-0.07560735940933228,-0.5567629167426174,1.2220597816349963,-0.9067757206617344,-0.028253332232858804,-0.0893481957344852
2024-09-01,0.17468346655368805,0.47308882727000473,-0.05872004851571042,0.8112885351105804,-0.09521354734897614,-0.8477820339438461,0.8897926961356198,-0.8698605715129268,-0.07623183828341377,-0.11120369787992626
2024-10-01,0.2292594164609909,0.4974624469152969,-0.048815305852846616,0.7457010888324257,0.054575949907302856,-0.6423098330722762,1.2575176068213463,-0.47795321999426565,-0.9572185421618117,1.0737881519872474
2024-11-01,0.23717141151428223,0.5052726240765213,-0.041787189524338166,0.7119199084937187,0.00791199505329132,-0.6622207239160892,1.4008512726910778,-0.33523783008627334,-0.3648856941176699,0.3896250386153759
2024-12-01,0.023961301892995834,0.4896439717042061,-0.06319652154712214,0.6603721954521776,-0.2132101096212864,-0.8103857835263418,1.0925443675797404,-0.9477426404891047,-0.033141411323578826,-0.49814358293007144
